record_index,delta,L_B,constraint_residual,finite_q_relative_error,incoming_plateau,outgoing_plateau
0,9.99999860695766e-10,12.273694943175402,8.690784537424451e-16,5.4998871258628153e-08,True,True
1,9.99999860695766e-10,15.382184839613,2.2975173695988145e-16,1.6306218886759203e-09,True,True
2,9.99999860695766e-10,20.563001333675665,2.2975190862570795e-16,2.495407243561766e-09,True,True
3,9.99999860695766e-10,12.278703298798638,8.03785522686867e-16,5.49974908795085e-08,True,True
4,9.99999860695766e-10,15.387193195236236,2.2975184784671413e-16,1.6314520410487432e-09,True,True
5,9.99999860695766e-10,20.5680096892989,2.297518177761947e-16,2.4961939085405875e-09,True,True
6,9.99999860695766e-10,12.278703298798638,8.03785522686867e-16,5.49974908795085e-08,True,True
7,9.99999860695766e-10,15.387193195236236,2.2975184784671413e-16,1.6314520410487432e-09,True,True
8,9.99999860695766e-10,20.5680096892989,2.297518177761947e-16,2.4961939085405875e-09,True,True
9,9.99999860695766e-10,12.278703298798638,8.03785522686867e-16,5.49974908795085e-08,True,True
10,9.99999860695766e-10,15.387193195236236,2.2975184784671413e-16,1.6314520410487432e-09,True,True
11,9.99999860695766e-10,20.5680096892989,2.297518177761947e-16,2.4961939085405875e-09,True,True
12,9.99999860695766e-10,12.278703298798638,8.03785522686867e-16,5.49974908795085e-08,True,True
13,9.99999860695766e-10,15.387193195236236,2.2975184784671413e-16,1.6314520410487432e-09,True,True
14,9.99999860695766e-10,20.5680096892989,2.297518177761947e-16,2.4961939085405875e-09,True,True
15,9.99999860695766e-10,11.98386990264735,8.106480117302814e-16,5.506315083825654e-08,True,True
16,9.99999860695766e-10,15.092359799084948,2.29751883401748e-16,1.5714478923022607e-09,True,True
17,9.99999860695766e-10,20.27317629314761,3.399463373744518e-16,2.4539879200826407e-09,True,True
18,9.99999860695766e-10,11.988878258270583,9.345662622786314e-16,5.50620499914628e-08,True,True
19,9.99999860695766e-10,15.097368154708183,2.2975179336184583e-16,1.5725569725831667e-09,True,True
20,9.99999860695766e-10,20.278184648770846,3.3994625012971735e-16,2.4547197398830256e-09,True,True
21,9.99999860695766e-10,11.988878258270583,9.345662622786314e-16,5.50620499914628e-08,True,True
22,9.99999860695766e-10,15.097368154708183,2.2975179336184583e-16,1.5725569725831667e-09,True,True
23,9.99999860695766e-10,20.278184648770846,3.3994625012971735e-16,2.4547197398830256e-09,True,True
24,9.99999860695766e-10,11.988878258270583,9.345662622786314e-16,5.50620499914628e-08,True,True
25,9.99999860695766e-10,15.097368154708183,2.2975179336184583e-16,1.5725569725831667e-09,True,True
26,9.99999860695766e-10,20.278184648770846,3.3994625012971735e-16,2.4547197398830256e-09,True,True
27,9.99999860695766e-10,11.988878258270583,9.345662622786314e-16,5.50620499914628e-08,True,True
28,9.99999860695766e-10,15.097368154708183,2.2975179336184583e-16,1.5725569725831667e-09,True,True
29,9.99999860695766e-10,20.278184648770846,3.3994625012971735e-16,2.4547197398830256e-09,True,True
30,9.99999860695766e-10,11.635359243349486,8.363215562311498e-16,5.5159257320417665e-08,True,True
31,9.99999860695766e-10,14.743849139787086,2.2975177733098055e-16,1.4984646910616417e-09,True,True
32,9.99999860695766e-10,19.92466563384975,3.3990934048906433e-16,2.403288303723162e-09,True,True
33,9.99999860695766e-10,11.640367598972722,8.712156064154673e-16,5.515816902151365e-08,True,True
34,9.99999860695766e-10,14.74885749541032,2.2975177173216333e-16,1.499710444039255e-09,True,True
35,9.99999860695766e-10,19.929673989472985,3.3990925323504025e-16,2.404110292409972e-09,True,True
36,9.99999860695766e-10,11.640367598972722,8.712156064154673e-16,5.515816964019766e-08,True,True
37,9.99999860695766e-10,14.74885749541032,2.2975177173216333e-16,1.4997105313503505e-09,True,True
38,9.99999860695766e-10,19.929673989472985,3.3990925323504025e-16,2.404110292409972e-09,True,True
39,9.99999860695766e-10,11.640367598972722,8.712156064154673e-16,5.515816964019766e-08,True,True
40,9.99999860695766e-10,14.74885749541032,2.2975177173216333e-16,1.4997105313503505e-09,True,True
41,9.99999860695766e-10,19.929673989472985,3.3990925323504025e-16,2.404110292409972e-09,True,True
42,9.99999860695766e-10,11.640367598972722,8.712156064154673e-16,5.515816964019766e-08,True,True
43,9.99999860695766e-10,14.74885749541032,2.2975177173216333e-16,1.4997105313503505e-09,True,True
44,9.99999860695766e-10,19.929673989472985,3.3990925323504025e-16,2.404110292409972e-09,True,True
45,3.1622779950168933e-09,11.69380810306949,8.851469434792201e-16,5.1489961102976857e-08,True,True
46,3.1622779950168933e-09,14.629604080753639,2.8002504438450946e-16,8.298742643334205e-10,True,True
47,3.1622779950168933e-09,19.522597376893888,2.800263070835905e-16,1.317207554641066e-09,True,True
48,3.1622779950168933e-09,11.698816458692724,7.633029272091977e-16,5.148861442712399e-08,True,True
49,3.1622779950168933e-09,14.634612436376875,2.800248118298292e-16,8.304661426687607e-10,True,True
50,3.1622779950168933e-09,19.527605732517124,2.8002602603867803e-16,1.317607484621708e-09,True,True
51,3.1622779950168933e-09,11.698816458692724,7.633029272091977e-16,5.148861442712399e-08,True,True
52,3.1622779950168933e-09,14.634612436376875,2.800248118298292e-16,8.304661426687607e-10,True,True
53,3.1622779950168933e-09,19.527605732517124,2.8002602603867803e-16,1.317607484621708e-09,True,True
54,3.1622779950168933e-09,11.698816458692724,7.633029272091977e-16,5.148861442712399e-08,True,True
55,3.1622779950168933e-09,14.634612436376875,2.800248118298292e-16,8.304661426687607e-10,True,True
56,3.1622779950168933e-09,19.527605732517124,2.8002602603867803e-16,1.317607484621708e-09,True,True
57,3.1622779950168933e-09,11.698816458692724,7.633029272091977e-16,5.148861442712399e-08,True,True
58,3.1622779950168933e-09,14.634612436376875,2.800248118298292e-16,8.304661426687607e-10,True,True
59,3.1622779950168933e-09,19.527605732517124,2.8002602603867803e-16,1.317607484621708e-09,True,True
60,3.1622779950168933e-09,11.287142958471037,8.39449766365007e-16,5.1606545155624315e-08,True,True
61,3.1622779950168933e-09,14.222938936155186,2.8002550447525047e-16,7.79825362124808e-10,True,True
62,3.1622779950168933e-09,19.115932232295435,2.8002549037561766e-16,1.2826481661598087e-09,True,True
63,3.1622779950168933e-09,11.292151314094273,7.97543776761547e-16,5.160505241068926e-08,True,True
64,3.1622779950168933e-09,14.227947291778422,2.8002586390663316e-16,7.804200626097703e-10,True,True
65,3.1622779950168933e-09,19.12094058791867,2.800256166285015e-16,1.2830647077614849e-09,True,True
66,3.1622779950168933e-09,11.292151314094273,7.97543776761547e-16,5.160505241068926e-08,True,True
67,3.1622779950168933e-09,14.227947291778422,2.8002586390663316e-16,7.804200626097703e-10,True,True
68,3.1622779950168933e-09,19.12094058791867,2.800256166285015e-16,1.2830647077614849e-09,True,True
69,3.1622779950168933e-09,11.292151314094273,7.97543776761547e-16,5.160505241068926e-08,True,True
70,3.1622779950168933e-09,14.227947291778422,2.8002586390663316e-16,7.804200626097703e-10,True,True
71,3.1622779950168933e-09,19.12094058791867,2.800256166285015e-16,1.2830647077614849e-09,True,True
72,3.1622779950168933e-09,11.292151314094273,7.97543776761547e-16,5.160505241068926e-08,True,True
73,3.1622779950168933e-09,14.227947291778422,2.8002586390663316e-16,7.804200626097703e-10,True,True
74,3.1622779950168933e-09,19.12094058791867,2.800256166285015e-16,1.2830647077614849e-09,True,True
75,3.1622779950168933e-09,10.944643759697561,7.478182023665747e-16,5.171424071186931e-08,True,True
76,3.1622779950168933e-09,13.88043973738171,2.8280358027647043e-16,7.358233077027414e-10,True,True
77,3.1622779950168933e-09,18.77343303352196,2.80991190136359e-16,1.2529369294883807e-09,True,True
78,3.1622779950168933e-09,10.949652115320795,7.555859563440218e-16,5.171251952157465e-08,True,True
79,3.1622779950168933e-09,13.885448093004946,2.830641652900921e-16,7.366153758315344e-10,True,True
80,3.1622779950168933e-09,18.778441389145193,2.809913758798059e-16,1.2534005147696225e-09,True,True
81,3.1622779950168933e-09,10.949652115320795,7.555859563440218e-16,5.171251952157465e-08,True,True
82,3.1622779950168933e-09,13.885448093004946,2.830641652900921e-16,7.366153758315344e-10,True,True
83,3.1622779950168933e-09,18.778441389145193,2.809913758798059e-16,1.2534005147696225e-09,True,True
84,3.1622779950168933e-09,10.949652115320795,7.555859563440218e-16,5.1712519567881087e-08,True,True
85,3.1622779950168933e-09,13.885448093004946,2.830641652900921e-16,7.366153283359601e-10,True,True
86,3.1622779950168933e-09,18.778441389145193,2.809913758798059e-16,1.2534005147696225e-09,True,True
87,3.1622779950168933e-09,10.949652115320795,7.555859563440218e-16,5.171251952157465e-08,True,True
88,3.1622779950168933e-09,13.885448093004946,2.830641652900921e-16,7.366153758315344e-10,True,True
89,3.1622779950168933e-09,18.778441389145193,2.809913758798059e-16,1.2534005147696225e-09,True,True
90,9.999999717180685e-09,11.000474179267838,9.687624497647695e-16,4.825531862700637e-08,True,True
91,9.999999717180685e-09,13.763576295102983,3.2842796913427334e-16,4.0581615668939407e-10,True,True
92,9.999999717180685e-09,18.36874648816156,3.346762054678482e-16,6.833813650284573e-10,True,True
93,9.999999717180685e-09,11.005482534891074,1.0347784458344793e-15,4.8254081960212734e-08,True,True
94,9.999999717180685e-09,13.768584650726218,2.2658574376988617e-16,4.062269413832724e-10,True,True
95,9.999999717180685e-09,18.37375484378479,3.346750015375667e-16,6.836378644880738e-10,True,True
96,9.999999717180685e-09,11.005482534891074,1.0347784458344793e-15,4.8254081960212734e-08,True,True
97,9.999999717180685e-09,13.768584650726218,2.2658574376988617e-16,4.062269413832724e-10,True,True
98,9.999999717180685e-09,18.37375484378479,3.346750015375667e-16,6.836378644880738e-10,True,True
99,9.999999717180685e-09,11.005482534891074,1.0347784458344793e-15,4.8254081960212734e-08,True,True
100,9.999999717180685e-09,13.768584650726218,2.2658574376988617e-16,4.062269413832724e-10,True,True
101,9.999999717180685e-09,18.37375484378479,3.346750015375667e-16,6.836378644880738e-10,True,True
102,9.999999717180685e-09,11.005482534891074,1.0347784458344793e-15,4.8254081960212734e-08,True,True
103,9.999999717180685e-09,13.768584650726218,2.2658574376988617e-16,4.062269413832724e-10,True,True
104,9.999999717180685e-09,18.37375484378479,3.346750015375667e-16,6.836378644880738e-10,True,True
105,9.999999717180685e-09,10.605479689193691,9.053595861645996e-16,9.175072732992485e-08,True,True
106,9.999999717180685e-09,13.368581805028837,9.842291129747282e-16,4.778166584121773e-08,True,True
107,9.999999717180685e-09,17.973751998087412,3.3467613012292273e-16,6.633287631528968e-10,True,True
108,9.999999717180685e-09,10.610488044816927,1.0159076806126956e-15,9.177941837264171e-08,True,True
109,9.999999717180685e-09,13.373590160652073,9.397974545387495e-16,4.778096570649725e-08,True,True
110,9.999999717180685e-09,17.978760353710648,3.3467693704286093e-16,6.63550128406628e-10,True,True
111,9.999999717180685e-09,10.610488044816927,1.0159076806126956e-15,9.177941879831268e-08,True,True
112,9.999999717180685e-09,13.373590160652071,9.397974545387495e-16,4.778096570649725e-08,True,True
113,9.999999717180685e-09,17.978760353710648,3.3467693704286093e-16,6.63550128406628e-10,True,True
114,9.999999717180685e-09,10.610488044816927,1.0159076806126956e-15,9.177941879831268e-08,True,True
115,9.999999717180685e-09,13.373590160652071,9.397974545387495e-16,4.778096570649725e-08,True,True
116,9.999999717180685e-09,17.978760353710648,3.3467693704286093e-16,6.63550128406628e-10,True,True
117,9.999999717180685e-09,10.610488044816927,1.0159076806126956e-15,9.177941879831268e-08,True,True
118,9.999999717180685e-09,13.373590160652071,9.397974545387495e-16,4.7780965543852454e-08,True,True
119,9.999999717180685e-09,17.978760353710648,3.3467693704286093e-16,6.63550128406628e-10,True,True
120,9.999999717180685e-09,10.25394798774513,7.739454407121985e-16,8.970675964090352e-08,True,True
121,9.999999717180685e-09,13.017050103580276,1.0434577114616759e-15,4.7830893860171906e-08,True,True
122,9.999999717180685e-09,17.62222029663885,3.346758107457821e-16,6.450331582600355e-10,True,True
123,9.999999717180685e-09,10.258956343368366,8.830179045562029e-16,8.973629349890713e-08,True,True
124,9.999999717180685e-09,13.022058459203512,8.635341796244013e-16,4.7830171553067917e-08,True,True
125,9.999999717180685e-09,17.627228652262087,3.346773594678035e-16,6.453016084441279e-10,True,True
126,9.999999717180685e-09,10.258956343368366,8.830179045562029e-16,8.973629349890713e-08,True,True
127,9.999999717180685e-09,13.022058459203512,8.635341796244013e-16,4.7830171553067917e-08,True,True
128,9.999999717180685e-09,17.627228652262087,3.346773594678035e-16,6.453016084441279e-10,True,True
129,9.999999717180685e-09,10.258956343368366,8.830179045562029e-16,8.973629356097049e-08,True,True
130,9.999999717180685e-09,13.022058459203512,8.635341796244013e-16,4.7830171553067917e-08,True,True
131,9.999999717180685e-09,17.627228652262087,3.3467735947143857e-16,6.453006915148929e-10,True,True
132,9.999999717180685e-09,10.258956343368366,8.830179045562029e-16,8.973629356097049e-08,True,True
133,9.999999717180685e-09,13.022058459203512,8.635341796244013e-16,4.7830171553067917e-08,True,True
134,9.999999717180685e-09,17.627228652262087,3.3467735947143857e-16,6.453006915148929e-10,True,True
135,3.162277617541065e-08,10.198848288838107,5.930448706964851e-16,8.65823616411429e-08,True,True
136,3.162277617541065e-08,12.7892565204784,7.777365652643289e-16,4.462601927576694e-08,True,True
137,3.162277617541065e-08,17.10660357321222,2.2840841639731207e-16,3.4669594614737327e-10,True,True
138,3.162277617541065e-08,10.203856644461341,7.65738089327179e-16,8.660908296085819e-08,True,True
139,3.162277617541065e-08,12.794264876101636,9.38699377751618e-16,4.462537292243532e-08,True,True
140,3.162277617541065e-08,17.111611928835455,2.2019533967845158e-16,3.4673442233952666e-10,True,True
141,3.162277617541065e-08,10.203856644461341,7.65738089327179e-16,8.660908296085819e-08,True,True
142,3.162277617541065e-08,12.794264876101636,9.38699377751618e-16,4.462537292243532e-08,True,True
143,3.162277617541065e-08,17.111611928835455,2.2019533967845158e-16,3.4673442233952666e-10,True,True
144,3.162277617541065e-08,10.203856644461341,7.65738089327179e-16,8.660908296085819e-08,True,True
145,3.162277617541065e-08,12.794264876101636,9.38699377751618e-16,4.462537292243532e-08,True,True
146,3.162277617541065e-08,17.111611928835455,2.2019533967845158e-16,3.4673442233952666e-10,True,True
147,3.162277617541065e-08,10.203856644461341,7.65738089327179e-16,8.660908296085819e-08,True,True
148,3.162277617541065e-08,12.794264876101636,9.38699377751618e-16,4.462537292243532e-08,True,True
149,3.162277617541065e-08,17.111611928835455,2.2019533967845158e-16,3.4673442233952666e-10,True,True
150,3.162277617541065e-08,9.902967915111272,7.568750883256655e-16,8.50013340388946e-08,True,True
151,3.162277617541065e-08,12.493376146751565,7.951065577410347e-16,4.4672739033534205e-08,True,True
152,3.162277617541065e-08,16.810723199485388,2.277908764392045e-16,3.377684893585468e-10,True,True
153,3.162277617541065e-08,9.907976270734508,6.941911458781822e-16,8.50282656401874e-08,True,True
154,3.162277617541065e-08,12.498384502374801,6.635586301661202e-16,4.4671949632511396e-08,True,True
155,3.162277617541065e-08,16.815731555108623,2.0066626403601912e-16,3.3741702717978314e-10,True,True
156,3.162277617541065e-08,9.907976270734508,6.941911458781822e-16,8.50282656401874e-08,True,True
157,3.162277617541065e-08,12.498384502374801,6.635586301661202e-16,4.4671949632511396e-08,True,True
158,3.162277617541065e-08,16.815731555108623,2.0066626403601912e-16,3.3741702717978314e-10,True,True
159,3.162277617541065e-08,9.907976270734508,6.941911458781822e-16,8.50282656401874e-08,True,True
160,3.162277617541065e-08,12.498384502374801,6.635586301661202e-16,4.4671949632511396e-08,True,True
161,3.162277617541065e-08,16.815731555108623,2.0066626403601912e-16,3.3741702717978314e-10,True,True
162,3.162277617541065e-08,9.907976270734508,6.941911458781822e-16,8.502826585593055e-08,True,True
163,3.162277617541065e-08,12.498384502374801,6.635586301661202e-16,4.4671949632511396e-08,True,True
164,3.162277617541065e-08,16.815731555108623,2.0066626403601912e-16,3.3741702717978314e-10,True,True
165,3.162277617541065e-08,9.563319291544719,8.808320400828621e-16,8.315655412273743e-08,True,True
166,3.162277617541065e-08,12.153727523185012,7.629343418564989e-16,4.4731058099546936e-08,True,True
167,3.162277617541065e-08,16.47107457591883,2.2709915435507647e-16,3.2729745869446503e-10,True,True
168,3.162277617541065e-08,9.568327647167953,9.145537551282033e-16,8.318389110967986e-08,True,True
169,3.162277617541065e-08,12.158735878808246,9.776046011264128e-16,4.473016520452126e-08,True,True
170,3.162277617541065e-08,16.476082931542066,2.105312722629521e-16,3.2687008652672746e-10,True,True
171,3.162277617541065e-08,9.568327647167953,9.145537551282033e-16,8.318389110967986e-08,True,True
172,3.162277617541065e-08,12.158735878808246,9.776046011264128e-16,4.473016520452126e-08,True,True
173,3.162277617541065e-08,16.476082931542066,2.105312722629521e-16,3.2687008652672746e-10,True,True
174,3.162277617541065e-08,9.568327647167953,9.145537551282033e-16,8.318389114376169e-08,True,True
175,3.162277617541065e-08,12.158735878808246,9.776046011264128e-16,4.473016508333005e-08,True,True
176,3.162277617541065e-08,16.476082931542066,2.105312722629521e-16,3.2687008652672746e-10,True,True
177,3.162277617541065e-08,9.568327647167953,9.145537551282033e-16,8.318389114376169e-08,True,True
178,3.162277617541065e-08,12.158735878808246,9.776046011264128e-16,4.473016508333005e-08,True,True
179,3.162277617541065e-08,16.476082931542066,2.105312722629521e-16,3.2687008652672746e-10,True,True
180,1.0000000005838672e-07,9.497820211738011,6.804116138922492e-16,8.005867168168151e-08,True,True
181,1.0000000005838672e-07,11.91553455929418,7.755568225180181e-16,4.159814823752055e-08,True,True
182,1.0000000005838672e-07,15.945058471887792,7.577139869855711e-16,1.7143303599257162e-10,True,True
183,1.0000000005838672e-07,9.502828567361247,6.22023727013879e-16,8.008334160566236e-08,True,True
184,1.0000000005838672e-07,11.920542914917414,9.313229938515776e-16,4.159790297806688e-08,True,True
185,1.0000000005838672e-07,15.950066827511028,2.7862640580161857e-16,1.7363038488497346e-10,True,True
186,1.0000000005838672e-07,9.502828567361247,6.22023727013879e-16,8.008334160566236e-08,True,True
187,1.0000000005838672e-07,11.920542914917414,9.313229938515776e-16,4.159790297806688e-08,True,True
188,1.0000000005838672e-07,15.950066827511028,2.7862640580161857e-16,1.7363038488497346e-10,True,True
189,1.0000000005838672e-07,9.502828567361247,6.22023727013879e-16,8.008334160566236e-08,True,True
190,1.0000000005838672e-07,11.920542914917414,9.313229938515776e-16,4.159790297806688e-08,True,True
191,1.0000000005838672e-07,15.950066827511028,2.7862640580161857e-16,1.7363038488497346e-10,True,True
192,1.0000000005838672e-07,9.502828567361247,6.22023727013879e-16,8.008334160566236e-08,True,True
193,1.0000000005838672e-07,11.920542914917414,9.313229938515776e-16,4.159790297806688e-08,True,True
194,1.0000000005838672e-07,15.950066827511028,2.7862640580161857e-16,1.736310256163011e-10,True,True
195,1.0000000005838672e-07,9.226755350060667,7.040412589345779e-16,7.87083074128126e-08,True,True
196,1.0000000005838672e-07,11.644469697616836,9.077974670184591e-16,4.1646312877347675e-08,True,True
197,1.0000000005838672e-07,15.673993610210449,4.0055103600513775e-16,1.6774537926845086e-10,True,True
198,1.0000000005838672e-07,9.231763705683903,7.306872768104048e-16,7.873348840317539e-08,True,True
199,1.0000000005838672e-07,11.649478053240072,7.520196399765921e-16,4.164541287640791e-08,True,True
200,1.0000000005838672e-07,15.679001965833685,4.459181293454745e-16,1.6959182726776212e-10,True,True
201,1.0000000005838672e-07,9.231763705683903,7.306872768104048e-16,7.873348840317539e-08,True,True
202,1.0000000005838672e-07,11.649478053240072,7.520196399765921e-16,4.164541287640791e-08,True,True
203,1.0000000005838672e-07,15.679001965833685,4.459181293454745e-16,1.6959182726776212e-10,True,True
204,1.0000000005838672e-07,9.231763705683903,7.306872768104048e-16,7.873348939644097e-08,True,True
205,1.0000000005838672e-07,11.649478053240072,7.273744022301727e-16,4.164538192441844e-08,True,True
206,1.0000000005838672e-07,15.679001965833685,4.459181293454745e-16,1.6959182726776212e-10,True,True
207,1.0000000005838672e-07,9.231763705683903,7.306872768104048e-16,7.873348840317539e-08,True,True
208,1.0000000005838672e-07,11.649478053240072,7.520196399765921e-16,4.164541287640791e-08,True,True
209,1.0000000005838672e-07,15.679001965833685,4.459181293454745e-16,1.6959182726776212e-10,True,True
210,1.0000000005838672e-07,8.87290502367575,6.017544419986816e-16,7.691535253122478e-08,True,True
211,1.0000000005838672e-07,11.290619371231918,8.629186314590476e-16,4.1711835261871155e-08,True,True
212,1.0000000005838672e-07,15.320143283825532,2.4787572168449845e-16,1.6172403057953868e-10,True,True
213,1.0000000005838672e-07,8.877913379298985,8.027487942224246e-16,7.694215341910301e-08,True,True
214,1.0000000005838672e-07,11.295627726855153,8.524544798350498e-16,4.171017022948026e-08,True,True
215,1.0000000005838672e-07,15.325151639448766,2.0227146780432692e-16,1.6187596066761453e-10,True,True
216,1.0000000005838672e-07,8.877913379298985,8.027487942224246e-16,7.694215341910301e-08,True,True
217,1.0000000005838672e-07,11.295627726855153,8.524544798350498e-16,4.171017022948026e-08,True,True
218,1.0000000005838672e-07,15.325151639448766,2.0227146780432692e-16,1.6187596066761453e-10,True,True
219,1.0000000005838672e-07,8.877913379298985,8.027487942224246e-16,7.694215341910301e-08,True,True
220,1.0000000005838672e-07,11.295627726855153,8.524544798350498e-16,4.171017022948026e-08,True,True
221,1.0000000005838672e-07,15.325151639448766,2.0227146780432692e-16,1.6187596066761453e-10,True,True
222,1.0000000005838672e-07,8.877913379298985,8.027487942224246e-16,7.694215341910301e-08,True,True
223,1.0000000005838672e-07,11.295627726855153,8.524544798350498e-16,4.171017022948026e-08,True,True
224,1.0000000005838672e-07,15.325151639448766,2.0227146780432692e-16,1.6187596066761453e-10,True,True
225,3.162277661949986e-07,8.91780231805154,1.3335035564993503e-15,7.428097507997426e-08,True,True
226,3.162277661949986e-07,11.162822783636226,8.793692770486805e-16,3.854191894839378e-08,True,True
227,3.162277661949986e-07,14.904523559610702,5.194548133649612e-16,8.601318404801777e-11,True,True
228,3.162277661949986e-07,8.922810673674777,7.192393924361495e-16,7.430249813783872e-08,True,True
229,3.162277661949986e-07,11.167831139259462,1.0858216994806547e-15,3.8541113546112324e-08,True,True
230,3.162277661949986e-07,14.909531915233938,5.169069382596203e-16,8.608916596719347e-11,True,True
231,3.162277661949986e-07,8.922810673674777,7.192393924361495e-16,7.430249813783872e-08,True,True
232,3.162277661949986e-07,11.167831139259462,1.0858216994806547e-15,3.8541113546112324e-08,True,True
233,3.162277661949986e-07,14.909531915233938,5.169069382596203e-16,8.608916596719347e-11,True,True
234,3.162277661949986e-07,8.922810673674777,7.192393924361495e-16,7.430249813783872e-08,True,True
235,3.162277661949986e-07,11.167831139259462,1.0858216994806547e-15,3.8541113546112324e-08,True,True
236,3.162277661949986e-07,14.909531915233938,5.169069382596203e-16,8.608916596719347e-11,True,True
237,3.162277661949986e-07,8.922810673674777,7.192393924361495e-16,7.430249813783872e-08,True,True
238,3.162277661949986e-07,11.167831139259462,1.0858216994806547e-15,3.8541113546112324e-08,True,True
239,3.162277661949986e-07,14.909531915233938,5.169069382596203e-16,8.608916596719347e-11,True,True
240,3.162277661949986e-07,8.521257393669138,1.2303022210859245e-15,7.245142727670971e-08,True,True
241,3.162277661949986e-07,10.766277859253824,1.2272626491449667e-15,8.234464770450785e-08,True,True
242,3.162277661949986e-07,14.507978635228302,6.603401094158745e-16,8.135602188343674e-11,True,True
243,3.162277661949986e-07,8.526265749292374,6.185683941154704e-16,7.247331709978523e-08,True,True
244,3.162277661949986e-07,10.77128621487706,1.2572137341598788e-15,8.236585989018921e-08,True,True
245,3.162277661949986e-07,14.512986990851536,5.735836068263001e-16,8.154162219529635e-11,True,True
246,3.162277661949986e-07,8.526265749292374,6.185683941154704e-16,7.247331709978523e-08,True,True
247,3.162277661949986e-07,10.77128621487706,1.2572137341598788e-15,8.236586024013055e-08,True,True
248,3.162277661949986e-07,14.512986990851536,5.735836068263001e-16,8.154169989332234e-11,True,True
249,3.162277661949986e-07,8.526265749292374,6.185683941154704e-16,7.247331709978523e-08,True,True
250,3.162277661949986e-07,10.77128621487706,1.2572137341598788e-15,8.236586024013055e-08,True,True
251,3.162277661949986e-07,14.512986990851536,5.735836068263001e-16,8.154169989332234e-11,True,True
252,3.162277661949986e-07,8.526265749292374,6.185683941154704e-16,7.247331709978523e-08,True,True
253,3.162277661949986e-07,10.77128621487706,1.2572137341598788e-15,8.236586024013055e-08,True,True
254,3.162277661949986e-07,14.512986990851536,5.735836068263001e-16,8.154169989332234e-11,True,True
255,3.162277661949986e-07,8.183136982910641,9.036334887348456e-16,7.085871747093874e-08,True,True
256,3.162277661949986e-07,10.428157448495327,9.946030273249445e-16,8.092203041567514e-08,True,True
257,3.162277661949986e-07,14.169858224469802,4.949653967939449e-16,7.761661598280277e-11,True,True
258,3.162277661949986e-07,8.188145338533875,7.435204389021413e-16,7.088265395437353e-08,True,True
259,3.162277661949986e-07,10.43316580411856,8.967029592812925e-16,8.094311046597061e-08,True,True
260,3.162277661949986e-07,14.174866580093036,5.976664475826343e-16,7.770117718457623e-11,True,True
261,3.162277661949986e-07,8.188145338533875,7.435204389021413e-16,7.088265395437353e-08,True,True
262,3.162277661949986e-07,10.43316580411856,8.967029592812925e-16,8.094311046597061e-08,True,True
263,3.162277661949986e-07,14.174866580093036,5.976664475826343e-16,7.770117718457623e-11,True,True
264,3.162277661949986e-07,8.188145338533875,7.435204389021413e-16,7.088265395437353e-08,True,True
265,3.162277661949986e-07,10.43316580411856,8.967029592812925e-16,8.094311046597061e-08,True,True
266,3.162277661949986e-07,14.174866580093036,5.976664475826343e-16,7.770117718457623e-11,True,True
267,3.162277661949986e-07,8.188145338533875,7.435204389021413e-16,7.088265395437353e-08,True,True
268,3.162277661949986e-07,10.43316580411856,8.967029592812925e-16,8.094311046597061e-08,True,True
269,3.162277661949986e-07,14.174866580093036,5.976664475826343e-16,7.770117718457623e-11,True,True
270,9.999999999177334e-07,8.247078776900342,1.1860900716448297e-15,6.801688455190994e-08,True,True
271,9.999999999177334e-07,10.319405360607323,4.620544398481474e-15,7.624887887387682e-08,True,True
272,9.999999999177334e-07,13.773283000118958,8.248881178812839e-16,4.1255170313156736e-11,True,True
273,9.999999999177334e-07,8.252087132523577,1.002778589331843e-15,6.803790994678772e-08,True,True
274,9.999999999177334e-07,10.32441371623056,2.2410323380003816e-15,7.626401466060781e-08,True,True
275,9.999999999177334e-07,13.778291355742194,8.32396217925746e-16,4.13089745543178e-11,True,True
276,9.999999999177334e-07,8.252087132523577,9.838863664762831e-16,6.803788536056751e-08,True,True
277,9.999999999177334e-07,10.32441371623056,2.2410323380003816e-15,7.626401439431202e-08,True,True
278,9.999999999177334e-07,13.778291355742194,8.32396217925746e-16,4.131036557578481e-11,True,True
279,9.999999999177334e-07,8.252087132523577,9.838863664762831e-16,6.803788536056751e-08,True,True
280,9.999999999177334e-07,10.32441371623056,2.2410323380003816e-15,7.626401439431202e-08,True,True
281,9.999999999177334e-07,13.778291355742194,8.32396217925746e-16,4.131036557578481e-11,True,True
282,9.999999999177334e-07,8.252087132523577,1.002778589331843e-15,6.803790994678772e-08,True,True
283,9.999999999177334e-07,10.32441371623056,2.2410323380003816e-15,7.626401466060781e-08,True,True
284,9.999999999177334e-07,13.778291355742194,8.32396217925746e-16,4.13089745543178e-11,True,True
285,9.999999999177334e-07,7.84868731961126,1.792775726049828e-15,6.633400191959701e-08,True,True
286,9.999999999177334e-07,9.921013903318242,3.184952301893418e-15,7.472843510241303e-08,True,True
287,9.999999999177334e-07,13.374891542829877,1.3871689170594226e-15,3.4943288859337963e-08,True,True
288,9.999999999177334e-07,7.853695675234495,1.8242785754241098e-15,6.635557058563713e-08,True,True
289,9.999999999177334e-07,9.926022258941476,3.2528098053638543e-15,7.47471806773417e-08,True,True
290,9.999999999177334e-07,13.379899898453111,2.625258129577957e-15,3.494185321543942e-08,True,True
291,9.999999999177334e-07,7.853695675234495,1.8242785754241098e-15,6.635557058563713e-08,True,True
292,9.999999999177334e-07,9.926022258941476,3.2528098053638543e-15,7.47471806773417e-08,True,True
293,9.999999999177334e-07,13.379899898453111,2.625258129577957e-15,3.494185321543942e-08,True,True
294,9.999999999177334e-07,7.853695675234495,1.8242785754241098e-15,6.635557058563713e-08,True,True
295,9.999999999177334e-07,9.926022258941476,3.2528098053638543e-15,7.47471806773417e-08,True,True
296,9.999999999177334e-07,13.379899898453111,2.625258129577957e-15,3.494185321543942e-08,True,True
297,9.999999999177334e-07,7.853695675234495,1.8242785754241098e-15,6.635557073171348e-08,True,True
298,9.999999999177334e-07,9.926022258941476,3.2528098053638543e-15,7.47471806773417e-08,True,True
299,9.999999999177334e-07,13.379899898453111,2.625258129577957e-15,3.494185321543942e-08,True,True
300,9.999999999177334e-07,7.4952351645425885,1.0660282335692162e-15,6.480948820487091e-08,True,True
301,9.999999999177334e-07,9.56756174824957,2.0203565383181132e-15,7.335653171883638e-08,True,True
302,9.999999999177334e-07,13.021439387761205,2.030215684186798e-15,3.497697518992961e-08,True,True
303,9.999999999177334e-07,7.500243520165824,1.6087391835339915e-15,6.483160030668777e-08,True,True
304,9.999999999177334e-07,9.572570103872806,2.746555153448904e-15,7.337668743880069e-08,True,True
305,9.999999999177334e-07,13.026447743384441,1.2430445670182089e-15,3.497727659352869e-08,True,True
306,9.999999999177334e-07,7.500243520165824,1.6087391835339915e-15,6.483160030668777e-08,True,True
307,9.999999999177334e-07,9.572570103872806,2.746555153448904e-15,7.337668743880069e-08,True,True
308,9.999999999177334e-07,13.026447743384441,1.2430445670182089e-15,3.497727659352869e-08,True,True
309,9.999999999177334e-07,7.5002435201658235,1.6087391835339915e-15,6.483159864793569e-08,True,True
310,9.999999999177334e-07,9.572570103872804,2.746555153448904e-15,7.337668817599964e-08,True,True
311,9.999999999177334e-07,13.026447743384441,1.2430445670182089e-15,3.497727659352869e-08,True,True
312,9.999999999177334e-07,7.500243520165824,1.6087391835339915e-15,6.483160030668777e-08,True,True
313,9.999999999177334e-07,9.572570103872806,2.746555153448904e-15,7.337668743880069e-08,True,True
314,9.999999999177334e-07,13.026447743384441,1.2430445670182089e-15,3.497727659352869e-08,True,True
315,3.162277660173629e-06,7.43873839713382,6.238889782670277e-15,6.112752509375445e-08,True,True
316,3.162277660173629e-06,9.33837109885366,3.2479071786651464e-15,6.795790462209485e-08,True,True
317,3.162277660173629e-06,12.504425601720056,2.0779564727973e-15,3.144569629602529e-08,True,True
318,3.162277660173629e-06,7.443746752757055,7.327558359886653e-15,6.114629298025464e-08,True,True
319,3.162277660173629e-06,9.343379454476894,2.964388310560187e-15,6.797512313219635e-08,True,True
320,3.162277660173629e-06,12.509433957343292,2.296435069014391e-15,3.144518369940982e-08,True,True
321,3.162277660173629e-06,7.443746752757056,7.271555929545988e-15,6.114628360017912e-08,True,True
322,3.162277660173629e-06,9.343379454476894,2.964388310560187e-15,6.797512342151804e-08,True,True
323,3.162277660173629e-06,12.509433957343292,2.296435069014391e-15,3.144518369940982e-08,True,True
324,3.162277660173629e-06,7.443746752757056,7.271555929545988e-15,6.114628360017912e-08,True,True
325,3.162277660173629e-06,9.343379454476894,2.964388310560187e-15,6.797512342151804e-08,True,True
326,3.162277660173629e-06,12.509433957343292,2.296435069014391e-15,3.144518369940982e-08,True,True
327,3.162277660173629e-06,7.443746752757056,7.271555929545988e-15,6.114628360017912e-08,True,True
328,3.162277660173629e-06,9.343379454476894,2.964388310560187e-15,6.797512342151804e-08,True,True
329,3.162277660173629e-06,12.509433957343292,2.296435069014391e-15,3.144518369940982e-08,True,True
330,3.162277660173629e-06,7.153764830956919,4.75957808050969e-15,6.004421758540353e-08,True,True
331,3.162277660173629e-06,9.053397532676758,6.882650916209543e-15,6.697663865147264e-08,True,True
332,3.162277660173629e-06,12.219452035543156,3.5214886562329184e-15,3.1474665475184264e-08,True,True
333,3.162277660173629e-06,7.158773186580154,9.028881632687329e-15,6.006241921429283e-08,True,True
334,3.162277660173629e-06,9.058405888299994,4.71599992943935e-15,6.699245396374037e-08,True,True
335,3.162277660173629e-06,12.224460391166392,3.895457090577481e-15,3.147415214294485e-08,True,True
336,3.162277660173629e-06,7.158773186580154,9.028881632687329e-15,6.006241921429283e-08,True,True
337,3.162277660173629e-06,9.058405888299994,4.71599992943935e-15,6.699245396374037e-08,True,True
338,3.162277660173629e-06,12.224460391166392,3.895457090577481e-15,3.147415214294485e-08,True,True
339,3.162277660173629e-06,7.158773186580154,9.028881632687329e-15,6.006241921429283e-08,True,True
340,3.162277660173629e-06,9.058405888299994,4.71599992943935e-15,6.699245396374037e-08,True,True
341,3.162277660173629e-06,12.224460391166392,3.895457090577481e-15,3.147415214294485e-08,True,True
342,3.162277660173629e-06,7.158773186580154,9.028881632687329e-15,6.006241921429283e-08,True,True
343,3.162277660173629e-06,9.058405888299994,4.71599992943935e-15,6.699245396374037e-08,True,True
344,3.162277660173629e-06,12.224460391166392,3.895457090577481e-15,3.147415214294485e-08,True,True
345,3.162277660173629e-06,6.812620316216987,9.578727141166827e-15,5.872168062402927e-08,True,True
346,3.162277660173629e-06,8.712253017936826,3.553196487580436e-15,6.577845816430358e-08,True,True
347,3.162277660173629e-06,11.878307520803222,2.051466364404869e-15,3.1510878754136764e-08,True,True
348,3.162277660173629e-06,6.817628671840222,8.129434286656932e-15,5.874160987019794e-08,True,True
349,3.162277660173629e-06,8.71726137356006,3.503717904999523e-15,6.579628154926565e-08,True,True
350,3.162277660173629e-06,11.883315876426458,2.1330966235976606e-15,3.151031819444268e-08,True,True
351,3.162277660173629e-06,6.817628671840222,8.129434286656932e-15,5.874160987019794e-08,True,True
352,3.162277660173629e-06,8.71726137356006,3.503717904999523e-15,6.579628154926565e-08,True,True
353,3.162277660173629e-06,11.883315876426458,2.1330966235976606e-15,3.151031819444268e-08,True,True
354,3.162277660173629e-06,6.817628671840222,8.129434286656932e-15,5.874161005012094e-08,True,True
355,3.162277660173629e-06,8.717261373560062,3.503717904999523e-15,6.579628538425864e-08,True,True
356,3.162277660173629e-06,11.883315876426458,2.1330966235976606e-15,3.151031819444268e-08,True,True
357,3.162277660173629e-06,6.817628671840222,8.129434286656932e-15,5.874160987019794e-08,True,True
358,3.162277660173629e-06,8.71726137356006,3.503717904999523e-15,6.579628154926565e-08,True,True
359,3.162277660173629e-06,11.883315876426458,2.1330966235976606e-15,3.151031819444268e-08,True,True
360,1.0000000000065512e-05,6.7947825742940315,1.8904125362534732e-14,5.428521950132788e-08,True,True
361,1.0000000000065512e-05,8.521721394038583,1.0360486882472764e-14,5.95968493519206e-08,True,True
362,1.0000000000065512e-05,11.399952760279502,5.165762565970122e-15,2.725773173454382e-08,True,True
363,1.0000000000065512e-05,6.7997909299172665,2.0645764015492923e-14,5.430133958743801e-08,True,True
364,1.0000000000065512e-05,8.526729749661818,9.829952878157716e-15,5.961162634190699e-08,True,True
365,1.0000000000065512e-05,11.404961115902738,5.229649178983831e-15,2.7257248688847596e-08,True,True
366,1.0000000000065512e-05,6.7997909299172665,1.922409968165657e-14,5.4301423318873676e-08,True,True
367,1.0000000000065512e-05,8.526729749661818,9.829952878157716e-15,5.961162634190699e-08,True,True
368,1.0000000000065512e-05,11.404961115902738,5.229649178983831e-15,2.7257248468492017e-08,True,True
369,1.0000000000065512e-05,6.7997909299172665,2.0645764015492923e-14,5.430133958743801e-08,True,True
370,1.0000000000065512e-05,8.526729749661818,9.829952878157716e-15,5.961162634190699e-08,True,True
371,1.0000000000065512e-05,11.404961115902738,5.229649178983831e-15,2.7257248688847596e-08,True,True
372,1.0000000000065512e-05,6.7997909299172665,2.0645764015492923e-14,5.430133958743801e-08,True,True
373,1.0000000000065512e-05,8.526729749661818,9.829952878157716e-15,5.961162634190699e-08,True,True
374,1.0000000000065512e-05,11.404961115902738,5.229649178983831e-15,2.7257248688847596e-08,True,True
375,1.0000000000065512e-05,6.4863497202064435,1.3146761104884316e-14,5.328458623563698e-08,True,True
376,1.0000000000065512e-05,8.213288539950996,1.4030226633265919e-14,5.8683640551816464e-08,True,True
377,1.0000000000065512e-05,11.091519906191914,6.9404795495844884e-15,2.728993063271025e-08,True,True
378,1.0000000000065512e-05,6.491358075829679,1.4912089575311316e-14,5.330098414749492e-08,True,True
379,1.0000000000065512e-05,8.21829689557423,9.477485528146257e-15,5.869788048818086e-08,True,True
380,1.0000000000065512e-05,11.09652826181515,7.509008063781575e-15,2.7289368632680174e-08,True,True
381,1.0000000000065512e-05,6.491358075829679,1.4912089575311316e-14,5.330098414749492e-08,True,True
382,1.0000000000065512e-05,8.21829689557423,9.477485528146257e-15,5.869788048818086e-08,True,True
383,1.0000000000065512e-05,11.09652826181515,7.509008063781575e-15,2.7289368632680174e-08,True,True
384,1.0000000000065512e-05,6.491358075829679,1.4912089575311316e-14,5.330098414749492e-08,True,True
385,1.0000000000065512e-05,8.21829689557423,9.477485528146257e-15,5.869788048818086e-08,True,True
386,1.0000000000065512e-05,11.09652826181515,7.509008063781575e-15,2.7289368632680174e-08,True,True
387,1.0000000000065512e-05,6.491358075829679,1.4912089575311316e-14,5.330098414749492e-08,True,True
388,1.0000000000065512e-05,8.21829689557423,9.477485528146257e-15,5.869788048818086e-08,True,True
389,1.0000000000065512e-05,11.09652826181515,7.509008063781575e-15,2.7289368632680174e-08,True,True
390,1.0000000000065512e-05,6.144635579353599,1.6563417575433254e-14,5.215235337972994e-08,True,True
391,1.0000000000065512e-05,7.871574399098151,1.6928149962520955e-14,5.7652192951363564e-08,True,True
392,1.0000000000065512e-05,10.74980576533907,8.428804529336809e-15,2.7328513814551123e-08,True,True
393,1.0000000000065512e-05,6.149643934976835,1.6947157381857342e-14,5.216893254034512e-08,True,True
394,1.0000000000065512e-05,7.876582754721387,1.1194241741245906e-14,5.766799094796657e-08,True,True
395,1.0000000000065512e-05,10.754814120962305,7.772645374548581e-15,2.7327859489277994e-08,True,True
396,1.0000000000065512e-05,6.149643934976834,1.6947157381857342e-14,5.2168932777433455e-08,True,True
397,1.0000000000065512e-05,7.876582754721386,1.1194241741245906e-14,5.766799094796657e-08,True,True
398,1.0000000000065512e-05,10.754814120962305,7.772645374548581e-15,2.7327859489277994e-08,True,True
399,1.0000000000065512e-05,6.149643934976834,1.6947157381857342e-14,5.2168932777433455e-08,True,True
400,1.0000000000065512e-05,7.876582754721386,1.1194241741245906e-14,5.766799094796657e-08,True,True
401,1.0000000000065512e-05,10.754814120962305,7.772645374548581e-15,2.7327859489277994e-08,True,True
402,1.0000000000065512e-05,6.149643934976834,1.6947157381857342e-14,5.2168932777433455e-08,True,True
403,1.0000000000065512e-05,7.876582754721386,1.1194241741245906e-14,5.766799094796657e-08,True,True
404,1.0000000000065512e-05,10.754814120962305,7.772645374548581e-15,2.7327859489277994e-08,True,True
405,3.1622776601514246e-05,6.152200430721798,3.2008223111931744e-14,4.536074233460733e-08,True,True
406,3.1622776601514246e-05,7.706445368493584,2.5621432059308447e-14,4.898605568854635e-08,True,True
407,3.1622776601514246e-05,10.296853598113225,1.96617353474815e-14,2.1510462051502883e-08,True,True
408,3.1622776601514246e-05,6.157208786345033,3.3254228906133554e-14,4.537289940963654e-08,True,True
409,3.1622776601514246e-05,7.711453724116819,2.6535631331148224e-14,4.89973370254745e-08,True,True
410,3.1622776601514246e-05,10.301861953736461,3.026051631493942e-14,2.1510334555157433e-08,True,True
411,3.1622776601514246e-05,6.157208786345033,3.3254228906133554e-14,4.537289940963654e-08,True,True
412,3.1622776601514246e-05,7.711453724116819,2.6535631331148224e-14,4.89973370254745e-08,True,True
413,3.1622776601514246e-05,10.301861953736461,3.026051631493942e-14,2.1510334555157433e-08,True,True
414,3.1622776601514246e-05,6.157208786345034,2.8112061289942147e-14,4.537360802131274e-08,True,True
415,3.1622776601514246e-05,7.711453724116819,2.6535631331148224e-14,4.899734066131244e-08,True,True
416,3.1622776601514246e-05,10.301861953736461,3.026051631493942e-14,2.1510334555157433e-08,True,True
417,3.1622776601514246e-05,6.157208786345033,3.3254228906133554e-14,4.537289940963654e-08,True,True
418,3.1622776601514246e-05,7.711453724116819,2.6535631331148224e-14,4.89973370254745e-08,True,True
419,3.1622776601514246e-05,10.301861953736461,3.026051631493942e-14,2.1510334555157433e-08,True,True
420,3.1622776601514246e-05,5.856066092035915,7.148341434840694e-14,4.463269414181118e-08,True,True
421,3.1622776601514246e-05,7.4103110298077,2.887924274719289e-14,4.8318366333623634e-08,True,True
422,3.1622776601514246e-05,10.000719259427342,1.9796230626978328e-14,2.1539340926040426e-08,True,True
423,3.1622776601514246e-05,5.86107444765915,7.241821346152394e-14,4.464511672687398e-08,True,True
424,3.1622776601514246e-05,7.415319385430935,3.248226340679672e-14,4.832980295155567e-08,True,True
425,3.1622776601514246e-05,10.005727615050578,2.897335149576463e-14,2.1538965209579172e-08,True,True
426,3.1622776601514246e-05,5.86107444765915,7.241821346152394e-14,4.464511672687398e-08,True,True
427,3.1622776601514246e-05,7.415319385430935,3.248226340679672e-14,4.832980295155567e-08,True,True
428,3.1622776601514246e-05,10.005727615050578,2.897335149576463e-14,2.1538965209579172e-08,True,True
429,3.1622776601514246e-05,5.86107444765915,7.241821346152394e-14,4.464511672687398e-08,True,True
430,3.1622776601514246e-05,7.415319385430935,3.248226340679672e-14,4.832980295155567e-08,True,True
431,3.1622776601514246e-05,10.005727615050578,2.897335149576463e-14,2.1538965209579172e-08,True,True
432,3.1622776601514246e-05,5.86107444765915,7.241821346152394e-14,4.464511672687398e-08,True,True
433,3.1622776601514246e-05,7.415319385430935,3.248226340679672e-14,4.832980295155567e-08,True,True
434,3.1622776601514246e-05,10.005727615050578,2.897335149576463e-14,2.1538965209579172e-08,True,True
435,3.1622776601514246e-05,5.514622823693265,2.4416666605242554e-14,4.37770632746405e-08,True,True
436,3.1622776601514246e-05,7.06886776146505,2.0721217710434336e-14,4.7535197731396e-08,True,True
437,3.1622776601514246e-05,9.659275991084693,1.165690807769515e-14,2.157434839751378e-08,True,True
438,3.1622776601514246e-05,5.5196311793165,2.5906577230672134e-14,4.3789495085738645e-08,True,True
439,3.1622776601514246e-05,7.073876117088285,3.046955049379463e-14,4.75472492352546e-08,True,True
440,3.1622776601514246e-05,9.664284346707927,2.0563059718523014e-14,2.1573688351847145e-08,True,True
441,3.1622776601514246e-05,5.519631179316501,2.5906577230672134e-14,4.378949591821257e-08,True,True
442,3.1622776601514246e-05,7.073876117088286,3.046955049379463e-14,4.75472492352546e-08,True,True
443,3.1622776601514246e-05,9.664284346707927,2.0563059718523014e-14,2.1573688351847145e-08,True,True
444,3.1622776601514246e-05,5.5196311793165,2.5906577230672134e-14,4.3789495085738645e-08,True,True
445,3.1622776601514246e-05,7.073876117088285,3.046955049379463e-14,4.75472492352546e-08,True,True
446,3.1622776601514246e-05,9.664284346707927,2.0563059718523014e-14,2.1573688351847145e-08,True,True
447,3.1622776601514246e-05,5.5196311793165,2.5906577230672134e-14,4.3789495085738645e-08,True,True
448,3.1622776601514246e-05,7.073876117088285,3.046955049379463e-14,4.75472492352546e-08,True,True
449,3.1622776601514246e-05,9.664284346707927,2.0563059718523014e-14,2.1573688351847145e-08,True,True
450,9.99999999995449e-05,4.028587042434477,8.134465323550444e-14,3.115452975281126e-08,True,True
451,9.99999999995449e-05,5.410138098231587,7.950264795456019e-14,3.333304755194676e-08,True,True
452,9.99999999995449e-05,7.712723191226771,6.870545798953742e-14,1.4298714922724525e-08,True,True
453,9.99999999995449e-05,4.033595398057713,8.014422459012849e-14,3.116341644889186e-08,True,True
454,9.99999999995449e-05,5.415146453854823,8.144635139928358e-14,3.334038558768682e-08,True,True
455,9.99999999995449e-05,7.717731546850007,7.250103295497468e-14,1.4298327753619123e-08,True,True
456,9.99999999995449e-05,4.033595398057713,8.014422459012849e-14,3.116341644889186e-08,True,True
457,9.99999999995449e-05,5.415146453854823,8.144635139928358e-14,3.334038558768682e-08,True,True
458,9.99999999995449e-05,7.717731546850007,7.250103295497468e-14,1.4298327753619123e-08,True,True
459,9.99999999995449e-05,4.033595398057713,8.014422459012849e-14,3.116341644889186e-08,True,True
460,9.99999999995449e-05,5.415146453854823,8.144635139928358e-14,3.334038558768682e-08,True,True
461,9.99999999995449e-05,7.717731546850007,7.250103295497468e-14,1.4298327753619123e-08,True,True
462,9.99999999995449e-05,4.033595398057713,8.014422459012849e-14,3.116341644889186e-08,True,True
463,9.99999999995449e-05,5.415146453854823,8.144635139928358e-14,3.334038558768682e-08,True,True
464,9.99999999995449e-05,7.717731546850007,7.250103295497468e-14,1.4298327753619123e-08,True,True
465,9.99999999995449e-05,4.902037176073144,9.858737090584491e-14,3.25754956474786e-08,True,True
466,9.99999999995449e-05,6.283588231870254,1.0197918898224856e-13,3.457917458799918e-08,True,True
467,9.99999999995449e-05,8.586173324865438,4.161775091215958e-14,1.4230288864224829e-08,True,True
468,9.99999999995449e-05,4.9070455316963795,9.404152803704768e-14,3.2583066303377975e-08,True,True
469,9.99999999995449e-05,6.2885965874934895,9.858086569280999e-14,3.4586115709692514e-08,True,True
470,9.99999999995449e-05,8.591181680488672,7.029262154983895e-14,1.4229776271750108e-08,True,True
471,9.99999999995449e-05,4.907045531696379,9.404152803704768e-14,3.2583069580253985e-08,True,True
472,9.99999999995449e-05,6.2885965874934895,9.858086569280999e-14,3.458611671727909e-08,True,True
473,9.99999999995449e-05,8.591181680488672,7.029262154983895e-14,1.4229776271750108e-08,True,True
474,9.99999999995449e-05,4.907045531696379,9.404152803704768e-14,3.2583069580253985e-08,True,True
475,9.99999999995449e-05,6.2885965874934895,9.858086569280999e-14,3.458611671727909e-08,True,True
476,9.99999999995449e-05,8.591181680488672,7.029262154983895e-14,1.4229776271750108e-08,True,True
477,9.99999999995449e-05,4.9070455316963795,9.404152803704768e-14,3.2583066303377975e-08,True,True
478,9.99999999995449e-05,6.2885965874934895,9.858086569280999e-14,3.4586115709692514e-08,True,True
479,9.99999999995449e-05,8.591181680488672,7.029262154983895e-14,1.4229776271750108e-08,True,True
480,9.99999999995449e-05,4.923497366952139,1.0458084051534478e-13,3.260806224262349e-08,True,True
481,9.99999999995449e-05,6.30504842274925,1.1344744588193123e-13,3.4609337583218654e-08,True,True
482,9.99999999995449e-05,8.607633515744434,6.790141365842217e-14,1.4228890408785926e-08,True,True
483,9.99999999995449e-05,4.928505722575374,1.005697261580174e-13,3.2615657113676406e-08,True,True
484,9.99999999995449e-05,6.310056778372485,9.422324032115625e-14,3.4616127040338086e-08,True,True
485,9.99999999995449e-05,8.612641871367668,7.101264021258658e-14,1.422855025577897e-08,True,True
486,9.99999999995449e-05,4.928505722575374,1.005697261580174e-13,3.2615657113676406e-08,True,True
487,9.99999999995449e-05,6.310056778372485,9.422324032115625e-14,3.4616127040338086e-08,True,True
488,9.99999999995449e-05,8.612641871367668,7.101264021258658e-14,1.422855025577897e-08,True,True
489,9.99999999995449e-05,4.928505722575374,1.005697261580174e-13,3.2615657113676406e-08,True,True
490,9.99999999995449e-05,6.310056778372485,9.422324032115625e-14,3.461612754298019e-08,True,True
491,9.99999999995449e-05,8.612641871367668,7.101264021258658e-14,1.422855025577897e-08,True,True
492,9.99999999995449e-05,4.928505722575374,1.005697261580174e-13,3.2615657113676406e-08,True,True
493,9.99999999995449e-05,6.310056778372485,9.422324032115625e-14,3.4616127040338086e-08,True,True
494,9.99999999995449e-05,8.612641871367668,7.101264021258658e-14,1.422855025577897e-08,True,True
