panel,delta,input,T,y,width,p0,coherent,omitted_cross,nonlinear,cc,cl,ll
a,1e-06,1,242.44843145461283,-34.800000000000004,139.78180006918654,0.03679019946676568,-0.0003679019979885851,-0.00018801121028017627,-0.00036599319621857807,-0.00012079148838276956,-0.0001798907877084088,-6.721972189740673e-05
a,1e-06,1,242.44843145461283,-34.4,139.78180006918654,0.03679019946676568,-0.00036185398395702185,-0.00018464966997418448,-0.00036000717247994946,-0.0001177152622119234,-0.00017720431398283738,-6.693440776226107e-05
a,1e-06,1,242.44843145461283,-34.0,139.78180006918654,0.03679019946676568,-0.0003558446336543212,-0.00018132494298206758,-0.0003540584060542848,-0.00011468492748714645,-0.00017451969067225362,-6.664001549492113e-05
a,1e-06,1,242.44843145461283,-33.6,139.78180006918654,0.03679019946676568,-0.00034987472276840986,-0.0001780371296868844,-0.0003481476843045714,-0.0001117005345363972,-0.00017183759308152547,-6.633659515048718e-05
a,1e-06,1,242.44843145461283,-33.2,139.78180006918654,0.03679019946676568,-0.0003439449975948458,-0.00017478630985819552,-0.00034227576536886156,-0.00010876210972006357,-0.0001691586877366503,-6.602420013813194e-05
a,1e-06,1,242.44843145461283,-32.800000000000004,139.78180006918654,0.03679019946676568,-0.0003380561754507701,-0.00017157254328294146,-0.00033644337960594267,-0.00010586965605855853,-0.00016648363216782865,-6.570288722438295e-05
a,1e-06,1,242.44843145461283,-32.4,139.78180006918654,0.03679019946676568,-0.000332208945107045,-0.00016839587040326615,-0.00033065122975470956,-0.00010302315386800199,-0.00016381307470377887,-6.537271653526416e-05
a,1e-06,1,242.44843145461283,-32.0,139.78180006918654,0.03679019946676568,-0.00032640396723622933,-0.00016525631295983786,-0.00032489999035201916,-0.00010022256140351671,-0.00016114765427639147,-6.503375155632115e-05
a,1e-06,1,242.44843145461283,-31.6,139.78180006918654,0.03679019946676568,-0.0003206418748786477,-0.00016215387464111914,-0.0003191903093022405,-9.746781550923552e-05,-0.00015848800023752856,-6.468605913188363e-05
a,1e-06,1,242.44843145461283,-31.200000000000003,139.78180006918654,0.03679019946676568,-0.0003149232739232297,-0.00015908854173662414,-0.0003135228075422103,-9.475883227421403e-05,-0.00015583473218660552,-6.432970946241011e-05
a,1e-06,1,242.44843145461283,-30.8,139.78180006918654,0.03679019946676568,-0.00030924874360343634,-0.00015606028379387045,-0.0003078980794391645,-9.209550769365039e-05,-0.00015318845980956587,-6.396477610022006e-05
a,1e-06,1,242.44843145461283,-30.400000000000002,139.78180006918654,0.03679019946676568,-0.0003036188370085218,-0.00015306905427863945,-0.000302316694942191,-8.947771833448107e-05,-0.00015054978272988233,-6.359133594415839e-05
a,1e-06,1,242.44843145461283,-30.0,139.78180006918654,0.03679019946676568,-0.0002980340816077389,-0.00015011479123703045,-0.00029677919781181256,-8.69053220048548e-05,-0.00014791929037070843,-6.320946923217565e-05
a,1e-06,1,242.44843145461283,-29.6,139.78180006918654,0.03679019946676568,-0.0002924949797884857,-0.0001471974179593587,-0.0002912861070216294,-8.437815842654472e-05,-0.00014529756182912702,-6.281925953281398e-05
a,1e-06,1,242.44843145461283,-29.200000000000003,139.78180006918654,0.03679019946676568,-0.0002870020094068448,-0.00014431684364473775,-0.0002858379175242759,-8.189604990981064e-05,-0.00014268516576210704,-6.242079373492712e-05
a,1e-06,1,242.44843145461283,-28.8,139.78180006918654,0.03679019946676568,-0.00028155562434975615,-0.00014147296406561257,-0.00028043510157799156,-7.945880202979242e-05,-0.00014008266028414358,-6.201416203582015e-05
a,1e-06,1,242.44843145461283,-28.400000000000002,139.78180006918654,0.03679019946676568,-0.00027615625510903237,-0.0001386656622319616,-0.0002750781066127306,-7.70662043039885e-05,-0.0001374905928770708,-6.159945792797308e-05
a,1e-06,1,242.44843145461283,-28.0,139.78180006918654,0.03679019946676568,-0.0002708043093655515,-0.00013589480905401374,-0.0002697673584764748,-7.471803087000058e-05,-0.00013490950031153776,-6.117677818401316e-05
a,1e-06,1,242.44843145461283,-27.6,139.78180006918654,0.03679019946676568,-0.00026550017258410906,-0.00013316026400335678,-0.00026450326122375023,-7.241404116296095e-05,-0.00013233990858075226,-6.074622284039583e-05
a,1e-06,1,242.44843145461283,-27.200000000000003,139.78180006918654,0.03679019946676568,-0.00026024420861689093,-0.00013046187577115163,-0.0002592861973663499,-7.01539805919907e-05,-0.0001297823328457393,-6.0307895179160925e-05
a,1e-06,1,242.44843145461283,-26.8,139.78180006918654,0.03679019946676568,-0.0002550367603165668,-0.00012779948292358881,-0.0002541165278617599,-6.793758121511744e-05,-0.000127237277392978,-5.986190170847138e-05
a,1e-06,1,242.44843145461283,-26.400000000000002,139.78180006918654,0.03679019946676568,-0.00024987815015672845,-0.00012517291455323002,-0.00024899459432581317,-6.576456241197303e-05,-0.00012470523560349845,-5.9408352141256975e-05
a,1e-06,1,242.44843145461283,-26.0,139.78180006918654,0.03679019946676568,-0.0002447686808606975,-0.00012258199092639988,-0.00024392071863896941,-6.36346315537965e-05,-0.0001221866899342976,-5.894735937260336e-05
a,1e-06,1,242.44843145461283,-25.6,139.78180006918654,0.03679019946676568,-0.00023970863603637417,-0.00012002652412530162,-0.00023889520280562238,-6.154748467009922e-05,-0.00011968211191107256,-5.8479039455202404e-05
a,1e-06,1,242.44843145461283,-25.200000000000003,139.78180006918654,0.03679019946676568,-0.00023469828081824603,-0.00011750631868508412,-0.00023391833171313575,-5.95028071114731e-05,-0.0001171919621331619,-5.8003511573611015e-05
a,1e-06,1,242.44843145461283,-24.8,139.78180006918654,0.03679019946676568,-0.00022973786251438892,-0.00011502117222462014,-0.00022899037165412944,-5.75002742079772e-05,-0.00011471669028976878,-5.752089801664294e-05
a,1e-06,1,242.44843145461283,-24.400000000000002,139.78180006918654,0.03679019946676568,-0.00022482761125929037,-0.00011257087607119378,-0.00022411157239609486,-5.5539551922750664e-05,-0.0001122567351880966,-5.7031324148443117e-05
a,1e-06,1,242.44843145461283,-24.0,139.78180006918654,0.03679019946676568,-0.00021996774067029016,-0.00011015521587776753,-0.00021928216592999317,-5.362029750011184e-05,-0.00010981252479252261,-5.65349183776557e-05
a,1e-06,1,242.44843145461283,-23.6,139.78180006918654,0.03679019946676568,-0.00021515844850902128,-0.0001077739722334101,-0.0002145023704767518,-5.1742160107880174e-05,-0.00010738447627561118,-5.603181212552993e-05
a,1e-06,1,242.44843145461283,-23.200000000000003,139.78180006918654,0.03679019946676568,-0.0002103999173452415,-0.00010542692126537585,-0.00020977238697236777,-4.9904781473397456e-05,-0.00010497299607986561,-5.5522139791978396e-05
a,1e-06,1,242.44843145461283,-22.8,139.78180006918654,0.03679019946676568,-0.00020569231522402716,-0.00010311383523319066,-0.00020509240321403555,-4.8107796512793424e-05,-0.0001025784799908365,-5.500603872039723e-05
a,1e-06,1,242.44843145461283,-22.400000000000002,139.78180006918654,0.03679019946676568,-0.00020103579633520537,-0.00010083448311409909,-0.00020046259202987499,-4.6350833953147656e-05,-0.00010020131322110626,-5.4483649160951434e-05
a,1e-06,1,242.44843145461283,-22.0,139.78180006918654,0.03679019946676568,-0.00019643050168388762,-9.858863117914187e-05,-0.00019588311412837428,-4.463351694706213e-05,-9.784187050474573e-05,-5.395511423207975e-05
a,1e-06,1,242.44843145461283,-21.6,139.78180006918654,0.03679019946676568,-0.00019187655976278024,-9.637604356015325e-05,-0.00019135411690927862,-4.2955463679400314e-05,-9.550051620262698e-05,-5.3420579880752926e-05
a,1e-06,1,242.44843145461283,-21.200000000000003,139.78180006918654,0.03679019946676568,-0.00018737408722490292,-9.419648280691658e-05,-0.00018687573603948238,-4.1316287965697825e-05,-9.317760441798634e-05,-5.2880194841218756e-05
a,1e-06,1,242.44843145461283,-20.8,139.78180006918654,0.03679019946676568,-0.00018292318955598615,-9.204971043404007e-05,-0.0001824480957121205,-3.971559984205407e-05,-9.087347912194608e-05,-5.2334110591986006e-05
a,1e-06,1,242.44843145461283,-20.400000000000002,139.78180006918654,0.03679019946676568,-0.00017852396174688445,-8.993548745768714e-05,-0.00017807130996209952,-3.815300614605338e-05,-8.858847428919731e-05,-5.178248131163376e-05
a,1e-06,1,242.44843145461283,-20.0,139.78180006918654,0.03679019946676568,-0.00017417648896476918,-8.785357492156447e-05,-0.00017374548197739148,-3.662811108855184e-05,-8.632291404320471e-05,-5.122546383301264e-05
a,1e-06,1,242.44843145461283,-19.6,139.78180006918654,0.03679019946676568,-0.00016988084722286345,-8.580373441195285e-05,-0.00016947070704283196,-3.514051681593419e-05,-8.407711281091057e-05,-5.066321759601866e-05
a,1e-06,1,242.44843145461283,-19.200000000000003,139.78180006918654,0.03679019946676568,-0.00016563710404806275,-8.378572856153799e-05,-0.0001652470705140116,-3.3689823962704e-05,-8.185137548652477e-05,-5.009590459883399e-05
a,1e-06,1,242.44843145461283,-18.8,139.78180006918654,0.03679019946676568,-0.00016144531914626594,-8.17993215419514e-05,-0.00016107465090308554,-3.227563219404396e-05,-7.964599760431455e-05,-4.952368934790744e-05
a,1e-06,1,242.44843145461283,-18.400000000000002,139.78180006918654,0.03679019946676568,-0.00015730554506473673,-7.984427954472449e-05,-0.000156953518068971,-3.089754073825289e-05,-7.746126552001224e-05,-4.8946738806471596e-05
a,1e-06,1,242.44843145461283,-18.0,139.78180006918654,0.03679019946676568,-0.0001532178278510086,-7.792037125044288e-05,-0.00015288373618307233,-2.9555148908765022e-05,-7.52974566005657e-05,-4.8365222341677854e-05
a,1e-06,1,242.44843145461283,-17.6,139.78180006918654,0.03679019946676568,-0.0001491822077075511,-7.602736828580078e-05,-0.00014886536338874767,-2.824805661561092e-05,-7.315483942175031e-05,-4.7779311670189864e-05
a,1e-06,1,242.44843145461283,-17.2,139.78180006918654,0.03679019946676568,-0.00014519871964274917,-7.416504566892432e-05,-0.0001448984518355942,-2.697586486615042e-05,-7.103367397382484e-05,-4.718918080277391e-05
a,1e-06,1,242.44843145461283,-16.8,139.78180006918654,0.03679019946676568,-0.00014126739411656449,-7.233318224221256e-05,-0.00014098304965534658,-2.5738176254913693e-05,-6.893421187435193e-05,-4.659500598729886e-05
a,1e-06,1,242.44843145461283,-16.400000000000002,139.78180006918654,0.03679019946676568,-0.0001373882576809927,-7.053156109287105e-05,-0.00013711920031637265,-2.4534595442454575e-05,-6.685669658812164e-05,-4.599696565041648e-05
a,1e-06,1,242.44843145461283,-16.0,139.78180006918654,0.03679019946676568,-0.00013356133361523174,-6.875996996125395e-05,-0.00013330694369822343,-2.3364729623031482e-05,-6.48013636539778e-05,-4.539524033822246e-05
a,1e-06,1,242.44843145461283,-15.600000000000001,139.78180006918654,0.03679019946676568,-0.00012978664255429678,-6.701820163644828e-05,-0.00012954631788195115,-2.2228188981112092e-05,-6.276844091784849e-05,-4.479001265533618e-05
a,1e-06,1,242.44843145461283,-15.200000000000001,139.78180006918654,0.03679019946676568,-0.00012606420311134803,-6.530605433943343e-05,-0.0001258373576105351,-2.112458713652465e-05,-6.075814877191461e-05,-4.4181467202908776e-05
a,1e-06,1,242.44843145461283,-14.8,139.78180006918654,0.03679019946676568,-0.00012239403249324538,-6.362333209373485e-05,-0.00012218009636893318,-2.0053541578231337e-05,-5.8770700399510526e-05,-4.35697905155035e-05
a,1e-06,1,242.44843145461283,-14.4,139.78180006918654,0.03679019946676568,-0.00011877614710840222,-6.196984508321028e-05,-0.0001185745662108384,-1.9014674086673912e-05,-5.6806302025191936e-05,-4.295517099653637e-05
a,1e-06,1,242.44843145461283,-14.0,139.78180006918654,0.03679019946676568,-0.00011521056316730576,-6.034540999742694e-05,-0.00011502079957394218,-1.8007611144612797e-05,-5.486515316987881e-05,-4.2337798852814145e-05
a,1e-06,1,242.44843145461283,-13.600000000000001,139.78180006918654,0.03679019946676568,-0.00011169729727469366,-5.874985036421882e-05,-0.00011151882904758548,-1.7031984336457528e-05,-5.2947446910474834e-05,-4.17178660277613e-05
a,1e-06,1,242.44843145461283,-13.200000000000001,139.78180006918654,0.03679019946676568,-0.00010823636701345528,-5.7182996869742667e-05,-0.00010806868691848326,-1.6087430736055958e-05,-5.105337014371261e-05,-4.109556613368671e-05
a,1e-06,1,242.44843145461283,-12.8,139.78180006918654,0.03679019946676568,-0.00010482779151948187,-5.564468766576945e-05,-0.00010467040839139824,-1.5173593282947259e-05,-4.9183103853712414e-05,-4.0471094382822195e-05
a,1e-06,1,242.44843145461283,-12.4,139.78180006918654,0.03679019946676568,-0.00010147159204743222,-5.413476866448505e-05,-0.00010132402881132124,-1.429012114705754e-05,-4.733682338294717e-05,-3.984464751742751e-05
a,1e-06,1,242.44843145461283,-12.0,139.78180006918654,0.03679019946676568,-9.816779252694843e-05,-5.265309382073991e-05,-9.802958664917316e-05,-1.3436670081874605e-05,-4.5514698706208517e-05,-3.921642373886531e-05
a,1e-06,1,242.44843145461283,-11.600000000000001,139.78180006918654,0.03679019946676568,-9.491642010879336e-05,-5.11995254017186e-05,-9.47871247520618e-05,-1.2612902766122376e-05,-4.371689470707475e-05,-3.8586622635596225e-05
a,1e-06,1,242.44843145461283,-11.200000000000001,139.78180006918654,0.03679019946676568,-9.171750570097127e-05,-4.977393424434974e-05,-9.159668736245796e-05,-1.1818489133939787e-05,-4.1943571456621527e-05,-3.7955445110409954e-05
a,1e-06,1,242.44843145461283,-10.8,139.78180006918654,0.03679019946676568,-8.857108449389894e-05,-4.8376200000130503e-05,-8.845832371956464e-05,-1.1053106693650262e-05,-4.019488449376844e-05,-3.732309330648024e-05
a,1e-06,1,242.44843145461283,-10.4,139.78180006918654,0.03679019946676568,-8.54771964749068e-05,-4.700621136786778e-05,-8.537208797311513e-05,-1.0316440835114529e-05,-3.847098510703902e-05,-3.668977053275325e-05
a,1e-06,1,242.44843145461283,-10.0,139.78180006918654,0.03679019946676568,-8.243588693130647e-05,-4.5663866314115604e-05,-8.233803828468916e-05,-9.608185125771577e-06,-3.677202061719086e-05,-3.6055681188344026e-05
a,1e-06,1,242.44843145461283,-9.600000000000001,139.78180006918654,0.03679019946676568,-7.944720694197415e-05,-4.434907228161198e-05,-7.935624040206202e-05,-8.928041595382608e-06,-3.509813466036217e-05,-3.5421030686229374e-05
a,1e-06,1,242.44843145461283,-9.200000000000001,139.78180006918654,0.03679019946676568,-7.651121385682246e-05,-4.3061746385587863e-05,-7.642676319181974e-05,-8.275721009576938e-06,-3.344946747123459e-05,-3.4786025376010926e-05
a,1e-06,1,242.44843145461283,-8.8,139.78180006918654,0.03679019946676568,-7.362797176411769e-05,-4.180181559824855e-05,-7.354968457632532e-05,-7.650943132253282e-06,-3.1826156165869146e-05,-3.4150872465995266e-05
a,1e-06,1,242.44843145461283,-8.4,139.78180006918654,0.03679019946676568,-7.079755194541051e-05,-4.0569216921592516e-05,-7.072508878289835e-05,-7.053436976901554e-06,-3.0228335023817993e-05,-3.3515779944690965e-05
a,1e-06,1,242.44843145461283,-8.0,139.78180006918654,0.03679019946676568,-6.802003331713887e-05,-3.936389754823623e-05,-6.795306634749254e-05,-6.482941046944834e-06,-2.8656135768902642e-05,-3.28809565012914e-05
a,1e-06,1,242.44843145461283,-7.6000000000000005,139.78180006918654,0.03679019946676568,-6.52955028595938e-05,-3.818581501105124e-05,-6.523371680688256e-05,-5.939203565160864e-06,-2.7109687848542553e-05,-3.224661144589038e-05
a,1e-06,1,242.44843145461283,-7.2,139.78180006918654,0.03679019946676568,-6.262405603207888e-05,-3.703493732116085e-05,-6.256714754881987e-05,-5.421982692271883e-06,-2.5589118710918023e-05,-3.161295462888897e-05
a,1e-06,1,242.44843145461283,-6.800000000000001,139.78180006918654,0.03679019946676568,-6.000579717425802e-05,-3.591124309454136e-05,-5.9953474614071744e-05,-4.931046734788029e-06,-2.409455407971666e-05,-3.098019635975333e-05
a,1e-06,1,242.44843145461283,-6.4,139.78180006918654,0.03679019946676568,-5.744083989383823e-05,-3.481472166775429e-05,-5.739282356823777e-05,-4.4661743421776414e-06,-2.2626118226083942e-05,-3.0348547325576647e-05
a,1e-06,1,242.44843145461283,-6.0,139.78180006918654,0.03679019946676568,-5.492930743933434e-05,-3.374537320217913e-05,-5.488532825370651e-05,-4.027154693463765e-06,-2.118393423715521e-05,-2.9718218508715366e-05
a,1e-06,1,242.44843145461283,-5.6000000000000005,139.78180006918654,0.03679019946676568,-5.24713330587398e-05,-3.270320877769308e-05,-5.243113375592162e-05,-3.6137876733077433e-06,-1.9768124281046718e-05,-2.9089421104385336e-05
a,1e-06,1,242.44843145461283,-5.2,139.78180006918654,0.03679019946676568,-5.006706034279328e-05,-3.1688250475154234e-05,-5.003039424305439e-05,-3.22588403768815e-06,-1.837880986763905e-05,-2.8462366437466084e-05
a,1e-06,1,242.44843145461283,-4.800000000000001,139.78180006918654,0.03679019946676568,-4.7716643553461845e-05,-3.070053144851224e-05,-4.7683274606323545e-05,-2.863265569229997e-06,-1.7016112104949602e-05,-2.7837265879282246e-05
a,1e-06,1,242.44843145461283,-4.4,139.78180006918654,0.03679019946676568,-4.542024793673273e-05,-2.9740095986130112e-05,-4.5389950301504e-05,-2.5257652222781668e-06,-1.5680151950602615e-05,-2.7214330763851947e-05
a,1e-06,1,242.44843145461283,-4.0,139.78180006918654,0.03679019946676568,-4.317805001958255e-05,-2.8806999561588385e-05,-4.31506082655686e-05,-2.2132272577889633e-06,-1.4371050457994162e-05,-2.659377230379942e-05
a,1e-06,1,242.44843145461283,-3.6,139.78180006918654,0.03679019946676568,-4.099023789122617e-05,-2.7901308874357504e-05,-4.0965446919422055e-05,-1.925507368103346e-06,-1.3088929016868667e-05,-2.5975801506254156e-05
a,1e-06,1,242.44843145461283,-3.2,139.78180006918654,0.03679019946676568,-3.885701146782127e-05,-2.7023101880007426e-05,-3.883467563643023e-05,-1.6624727916812678e-06,-1.1833909587813843e-05,-2.5360629088326158e-05
a,1e-06,1,242.44843145461283,-2.8000000000000003,139.78180006918654,0.03679019946676568,-3.67785827405941e-05,-2.6172467810240133e-05,-3.67585160766723e-05,-1.4240024178549356e-06,-1.060611493035397e-05,-2.4748465392385197e-05
a,1e-06,1,242.44843145461283,-2.4000000000000004,139.78180006918654,0.03679019946676568,-3.475517600757051e-05,-2.5349507183216605e-05,-3.473720198284708e-05,-1.2099868816651072e-06,-9.40566882435391e-06,-2.4139520301551498e-05
a,1e-06,1,242.44843145461283,-2.0,139.78180006918654,0.03679019946676568,-3.278702808767625e-05,-2.4554331803449817e-05,-3.2770979223002705e-05,-1.0203286488357532e-06,-8.232696284226434e-06,-2.3534003154614064e-05
a,1e-06,1,242.44843145461283,-1.6,139.78180006918654,0.03679019946676568,-3.0874388518006e-05,-2.3787064752263716e-05,-3.086010647152665e-05,-8.549420909364398e-07,-7.087323765742282e-06,-2.2932122661327276e-05
a,1e-06,1,242.44843145461283,-1.2000000000000002,139.78180006918654,0.03679019946676568,-2.9017519733283605e-05,-2.304784036825577e-05,-2.9004854552164283e-05,-7.137535507790796e-07,-5.969679365027836e-06,-2.233408681747669e-05
a,1e-06,1,242.44843145461283,-0.8,139.78180006918654,0.03679019946676568,-2.721669722755206e-05,-2.2336804218130032e-05,-2.7205507650444882e-05,-5.967013980902556e-07,-4.879893009422028e-06,-2.1740102820039777e-05
a,1e-06,1,242.44843145461283,-0.4,139.78180006918654,0.03679019946676568,-2.5472209697935105e-05,-2.1654113057970442e-05,-2.546236278423014e-05,-5.037360754907618e-07,-3.818096639964663e-06,-2.115037698247968e-05
a,1e-06,1,242.44843145461283,0.0,139.78180006918654,0.03679019946676568,-2.378435917000536e-05,-2.099993478494829e-05,-2.3775729619465724e-05,-4.348201348102752e-07,-2.7844243850570716e-06,-2.0565114650138013e-05
a,1e-06,1,242.44843145461283,0.4,139.78180006918654,0.03679019946676568,-2.215346110469606e-05,-2.0374448379540394e-05,-2.214593224122291e-05,-3.8992826376392514e-07,-1.779012725155667e-06,-1.9984520115776468e-05
a,1e-06,1,242.44843145461283,0.8,139.78180006918654,0.03679019946676568,-2.057984448643553e-05,-1.977784383833858e-05,-2.0573307087400072e-05,-3.690473029998475e-07,-8.020006480969504e-07,-1.9408796535338733e-05
a,1e-06,1,242.44843145461283,1.2000000000000002,139.78180006918654,0.03679019946676568,-1.906385189234516e-05,-1.9210322097494205e-05,-1.9058203495965487e-05,-3.721762535301167e-07,1.464702051490461e-07,-1.8838145843964087e-05
a,1e-06,1,242.44843145461283,1.6,139.78180006918654,0.03679019946676568,-1.760583954230922e-05,-1.8672094946893504e-05,-1.760098550514233e-05,-3.9932627455029317e-07,1.066255404584284e-06,-1.827276867234321e-05
a,1e-06,1,242.44843145461283,2.0,139.78180006918654,0.03679019946676568,-1.620617732964187e-05,-1.8163384935079223e-05,-1.6202029693809794e-05,-4.5052067163794534e-07,1.9572076054373532e-06,-1.7712864263441276e-05
a,1e-06,1,242.44843145461283,2.4000000000000004,139.78180006918654,0.03679019946676568,-1.4865248832010524e-05,-1.7684425264706064e-05,-1.4861726179572765e-05,-5.257948753242337e-07,2.819176432695539e-06,-1.715863038938183e-05
a,1e-06,1,242.44843145461283,2.8000000000000003,139.78180006918654,0.03679019946676568,-1.3583451302840885e-05,-1.72354596791175e-05,-1.3580479157795922e-05,-6.251964100223306e-07,3.652008376276614e-06,-1.661026326909517e-05
a,1e-06,1,242.44843145461283,3.2,139.78180006918654,0.03679019946676568,-1.2361195642495596e-05,-1.6816742339449493e-05,-1.2358705271886539e-05,-7.487848532868913e-07,4.455546696953897e-06,-1.6067957486162602e-05
a,1e-06,1,242.44843145461283,3.6,139.78180006918654,0.03679019946676568,-1.1198906349410705e-05,-1.6428537692668218e-05,-1.1196835655924442e-05,-8.966317853772309e-07,5.229631343257513e-06,-1.5531905907290986e-05
a,1e-06,1,242.44843145461283,4.0,139.78180006918654,0.03679019946676568,-1.0097021450822498e-05,-1.607112033038731e-05,-1.0095313249310067e-05,-1.0688207290885757e-06,5.974098879564812e-06,-1.5002299601298732e-05
a,1e-06,1,242.44843145461283,4.4,139.78180006918654,0.03679019946676568,-9.055992412998544e-06,-1.5744774838526508e-05,-9.05459552471427e-06,-1.2654470798116486e-06,6.688782425527964e-06,-1.4479327758714859e-05
a,1e-06,1,242.44843145461283,4.800000000000001,139.78180006918654,0.03679019946676568,-8.076284030802172e-06,-1.5449795637808114e-05,-8.075152796327423e-06,-1.4866180257723443e-06,7.373511607005942e-06,-1.396317761203577e-05
a,1e-06,1,242.44843145461283,5.2,139.78180006918654,0.03679019946676568,-7.158374296363964e-06,-1.5186486814957428e-05,-7.1574670839000265e-06,-1.7324524583987224e-06,8.028112518593464e-06,-1.3454034356558705e-05
a,1e-06,1,242.44843145461283,5.6000000000000005,139.78180006918654,0.03679019946676568,-6.302754246838056e-06,-1.4955161944830577e-05,-6.30203473703933e-06,-2.003080872760709e-06,8.65240769799252e-06,-1.2952081072069868e-05
a,1e-06,1,242.44843145461283,6.0,139.78180006918654,0.03679019946676568,-5.509927790910262e-06,-1.475614390315342e-05,-5.509363790269506e-06,-2.2986452580217704e-06,9.246216112243158e-06,-1.245749864513165e-05
a,1e-06,1,242.44843145461283,6.4,139.78180006918654,0.03679019946676568,-4.780411514282808e-06,-1.458976467015127e-05,-4.779975211956222e-06,-2.6192989778284114e-06,9.809353155868463e-06,-1.197046569232286e-05
a,1e-06,1,242.44843145461283,6.800000000000001,139.78180006918654,0.03679019946676568,-4.114734463523521e-06,-1.4456365124767948e-05,-4.1144019088251715e-06,-2.9652066405783193e-06,1.0341630661244427e-05,-1.149115848418963e-05
a,1e-06,1,242.44843145461283,7.2,139.78180006918654,0.03679019946676568,-3.5134379086805088e-06,-1.4356294829609119e-05,-3.513188027833014e-06,-3.336543959485513e-06,1.084285692092861e-05,-1.1019750870123606e-05
a,1e-06,1,242.44843145461283,7.6000000000000005,139.78180006918654,0.03679019946676568,-2.9770750841827114e-06,-1.4289911806508892e-05,-2.9768908652305637e-06,-3.733497602370911e-06,1.1312836722326182e-05,-1.0556414204137982e-05
a,1e-06,1,242.44843145461283,8.0,139.78180006918654,0.03679019946676568,-2.506210908208315e-06,-1.4257582302708333e-05,-2.506077653785521e-06,-4.156265031087761e-06,1.1751371394500018e-05,-1.0101317271620572e-05
a,1e-06,1,242.44843145461283,8.4,139.78180006918654,0.03679019946676568,-2.101421680279481e-06,-1.4259680547564007e-05,-2.1013269109262933e-06,-4.605054330522256e-06,1.2158258867284526e-05,-9.65462621704175e-06
a,1e-06,1,242.44843145461283,8.8,139.78180006918654,0.03679019946676568,-1.7632947571113434e-06,-1.4296588499781221e-05,-1.7632288510718852e-06,-5.0800840270542335e-06,1.2533293742669879e-05,-9.216504472726989e-06
a,1e-06,1,242.44843145461283,9.200000000000001,139.78180006918654,0.03679019946676568,-1.4924282066656344e-06,-1.4368695584998822e-05,-1.4923832349147959e-06,-5.581582896427175e-06,1.2876267378333189e-05,-8.787112688571649e-06
a,1e-06,1,242.44843145461283,9.600000000000001,139.78180006918654,0.03679019946676568,-1.2894304404049234e-06,-1.4476398424021157e-05,-1.2894000835234065e-06,-6.109789760916539e-06,1.3186967983616233e-05,-8.366608663104617e-06
a,1e-06,1,242.44843145461283,10.0,139.78180006918654,0.03679019946676568,-1.1549198236504224e-06,-1.462010055110718e-05,-1.1548984593864886e-06,-6.664953275723407e-06,1.3465180727456759e-05,-7.955147275383774e-06
a,1e-06,1,242.44843145461283,10.4,139.78180006918654,0.03679019946676568,-1.089524264145961e-06,-1.4800212122791917e-05,-1.0895070828159659e-06,-7.2473317045082976e-06,1.3710687858645955e-05,-7.552880418283619e-06
a,1e-06,1,242.44843145461283,10.8,139.78180006918654,0.03679019946676568,-1.0938807788064018e-06,-1.5017149616881581e-05,-1.0938634828205895e-06,-7.857192683976511e-06,1.392326883807518e-05,-7.15995693290507e-06
a,1e-06,1,242.44843145461283,11.200000000000001,139.78180006918654,0.03679019946676568,-1.1686350386603193e-06,-1.527133552164328e-05,-1.1686133729732484e-06,-8.494812977442063e-06,1.410270048298296e-05,-6.776522544201216e-06
a,1e-06,1,242.44843145461283,11.600000000000001,139.78180006918654,0.03679019946676568,-1.3144408921292515e-06,-1.5563198015219185e-05,-1.3144095973513514e-06,-9.160478217285331e-06,1.4248757123089932e-05,-6.402719797933852e-06
a,1e-06,1,242.44843145461283,12.0,139.78180006918654,0.03679019946676568,-1.5319598666097492e-06,-1.5893170635062627e-05,-1.531913105069782e-06,-9.854482636227818e-06,1.4361210768452879e-05,-6.03868799883481e-06
a,1e-06,1,242.44843145461283,12.4,139.78180006918654,0.03679019946676568,-1.8218606484824054e-06,-1.6261691937597333e-05,-1.8217909192111414e-06,-1.0577128787358159e-05,1.4439831289114927e-05,-5.6845631502391734e-06
a,1e-06,1,242.44843145461283,12.8,139.78180006918654,0.03679019946676568,-2.184818541745706e-06,-1.6669205147862835e-05,-2.184717017607307e-06,-1.1328727252840557e-05,1.4484386606117127e-05,-5.340477895022276e-06
a,1e-06,1,242.44843145461283,13.200000000000001,139.78180006918654,0.03679019946676568,-2.6215149052515938e-06,-1.711615779906112e-05,-2.6213698770677363e-06,-1.2109596341239506e-05,1.4494642893809529e-05,-5.006561457821617e-06
a,1e-06,1,242.44843145461283,13.600000000000001,139.78180006918654,0.03679019946676568,-3.132636568812286e-06,-1.760300136231661e-05,-3.132433912894639e-06,-1.2920061773409974e-05,1.4470364793504322e-05,-4.682939588906634e-06
a,1e-06,1,242.44843145461283,14.0,139.78180006918654,0.03679019946676568,-3.7188752282963e-06,-1.813019086620286e-05,-3.7185970820710623e-06,-1.3760456356902719e-05,1.4411315637906557e-05,-4.369734509300138e-06
a,1e-06,1,242.44843145461283,14.4,139.78180006918654,0.03679019946676568,-4.380926819907697e-06,-1.8698184506354547e-05,-4.380551875390881e-06,-1.463111964883955e-05,1.4317257686446849e-05,-4.067064857514996e-06
a,1e-06,1,242.44843145461283,14.8,139.78180006918654,0.03679019946676568,-5.1194908738698665e-06,-1.930744324496774e-05,-5.1189928869238566e-06,-1.553239760723316e-05,1.4187952371097874e-05,-3.775045637734582e-06
a,1e-06,1,242.44843145461283,15.200000000000001,139.78180006918654,0.03679019946676568,-5.935269847734766e-06,-1.995843040026484e-05,-5.934617650873997e-06,-1.6464642230716782e-05,1.4023160552530073e-05,-3.4937881695480567e-06
a,1e-06,1,242.44843145461283,15.600000000000001,139.78180006918654,0.03679019946676568,-6.828968439563773e-06,-2.065161122594377e-05,-6.828126454666572e-06,-1.7428211186670233e-05,1.3822642786379996e-05,-3.223400039273537e-06
a,1e-06,1,242.44843145461283,16.0,139.78180006918654,0.03679019946676568,-7.801292881331953e-06,-2.1387452480549706e-05,-7.80021821100707e-06,-1.842346742774512e-05,1.3586159599217755e-05,-2.963985052804587e-06
a,1e-06,1,242.44843145461283,16.400000000000002,139.78180006918654,0.03679019946676568,-8.852950212731103e-06,-2.2166421986930694e-05,-8.851593507670785e-06,-1.945077879677985e-05,1.331347177419959e-05,-2.715643190150843e-06
a,1e-06,1,242.44843145461283,16.8,139.78180006918654,0.03679019946676568,-9.984647535765682e-06,-2.2988988181681703e-05,-9.982952454641592e-06,-2.0510517620138987e-05,1.3004340645916019e-05,-2.4784705615427147e-06
a,1e-06,1,242.44843145461283,17.2,139.78180006918654,0.03679019946676568,-1.119709125053476e-05,-2.385561965473498e-05,-1.1194993680782583e-05,-2.1603060289487815e-05,1.2658528404200218e-05,-2.252559365247163e-06
a,1e-06,1,242.44843145461283,17.6,139.78180006918654,0.03679019946676568,-1.2490986272510619e-05,-2.4766784679061405e-05,-1.2488412447039798e-05,-2.27287868320546e-05,1.2275798406550785e-05,-2.0379978470068044e-06
a,1e-06,1,242.44843145461283,18.0,139.78180006918654,0.03679019946676568,-1.3867035231642122e-05,-2.572295073066096e-05,-1.3863903524681531e-05,-2.3888080469434676e-05,1.185591549901884e-05,-1.8348702612262853e-06
a,1e-06,1,242.44843145461283,18.400000000000002,139.78180006918654,0.03679019946676568,-1.532593765386059e-05,-2.672458399886748e-05,-1.5322155559077677e-05,-2.5081327164996706e-05,1.1398646345006891e-05,-1.643256833870775e-06
a,1e-06,1,242.44843145461283,18.8,139.78180006918654,0.03679019946676568,-1.6868389125377826e-05,-2.7772148887037184e-05,-1.686385414940289e-05,-2.6308915159984912e-05,1.0903759761659356e-05,-1.4632337270522713e-06
a,1e-06,1,242.44843145461283,19.200000000000003,139.78180006918654,0.03679019946676568,-1.849508044012482e-05,-2.8866107503841456e-05,-1.8489678356978234e-05,-2.7571234498410674e-05,1.0371027063716636e-05,-1.2948730054307812e-06
a,1e-06,1,242.44843145461283,19.6,139.78180006918654,0.03679019946676568,-2.0206696730951432e-05,-3.0006919145207645e-05,-2.0200301258550823e-05,-2.886867654084342e-05,9.800222414256213e-06,-1.1382426043642254e-06
a,1e-06,1,242.44843145461283,20.0,139.78180006918654,0.03679019946676568,-2.2003916585141146e-05,-3.119503976707032e-05,-2.1996388737996475e-05,-3.0201633467238914e-05,9.191123181929177e-06,-9.93406299831406e-07
a,1e-06,1,242.44843145461283,20.400000000000002,139.78180006918654,0.03679019946676568,-2.3887411144637877e-05,-3.2430921449113103e-05,-2.387859917238333e-05,-3.157049776894786e-05,8.543510304475227e-06,-8.604236801652464e-07
a,1e-06,1,242.44843145461283,20.8,139.78180006918654,0.03679019946676568,-2.5857843191644395e-05,-3.3715011849659375e-05,-2.5847580137093595e-05,-3.297566173005151e-05,7.857168658014981e-06,-7.393501196078676e-07
a,1e-06,1,242.44843145461283,21.200000000000003,139.78180006918654,0.03679019946676568,-2.791586622023581e-05,-3.5047753651947786e-05,-2.790397010873219e-05,-3.441751689824809e-05,7.131887431711975e-06,-6.302367536996972e-07
a,1e-06,1,242.44843145461283,21.6,139.78180006918654,0.03679019946676568,-3.006212349445708e-05,-3.642958400191114e-05,-3.00483968798948e-05,-3.589645354544415e-05,6.3674605074540635e-06,-5.331304564669913e-07
a,1e-06,1,242.44843145461283,22.0,139.78180006918654,0.03679019946676568,-3.229724709370068e-05,-3.786093393779864e-05,-3.228147579825702e-05,-3.741286011827708e-05,5.56368684409796e-06,-4.480738195215574e-07
a,1e-06,1,242.44843145461283,22.400000000000002,139.78180006918654,0.03679019946676568,-3.4621856945955493e-05,-3.934222781180092e-05,-3.4603809366332006e-05,-3.896712267884037e-05,4.72037086584543e-06,-3.751051329605568e-07
a,1e-06,1,242.44843145461283,22.8,139.78180006918654,0.03679019946676568,-3.7036559849627224e-05,-4.087388270399409e-05,-3.7015985909501226e-05,-4.055962433580621e-05,3.83732285436687e-06,-3.142583681878871e-07
a,1e-06,1,242.44843145461283,23.200000000000003,139.78180006918654,0.03679019946676568,-3.954194848457132e-05,-4.2456307828839284e-05,-3.951857917592477e-05,-4.2190744666270685e-05,2.9143593442679626e-06,-2.6556316256860013e-07
a,1e-06,1,242.44843145461283,23.6,139.78180006918654,0.03679019946676568,-4.213860041333662e-05,-4.408990393459727e-05,-4.2112146691121455e-05,-4.386085912860269e-05,1.951303521260653e-06,-2.2904480599457865e-07
a,1e-06,1,242.44843145461283,24.0,139.78180006918654,0.03679019946676568,-4.482707707312228e-05,-4.577506269588066e-05,-4.479722920342627e-05,-4.557033846655722e-05,9.479856227583798e-07,-2.0472422932343613e-07
a,1e-06,1,242.44843145461283,24.400000000000002,139.78180006918654,0.03679019946676568,-4.760792275918111e-05,-4.751216609981489e-05,-4.757434938995608e-05,-4.731954810509029e-05,-9.575665936622164e-08,-1.9261799472459885e-07
a,1e-06,1,242.44843145461283,24.8,139.78180006918654,0.03679019946676568,-5.0481663600778366e-05,-4.930158582602133e-05,-5.044401078136557e-05,-4.910884753811092e-05,-1.1800777747570361e-06,-1.9273828791040996e-07
a,1e-06,1,242.44843145461283,25.200000000000003,139.78180006918654,0.03679019946676568,-5.3448806530534227e-05,-5.1143682620895676e-05,-5.340669699368389e-05,-5.0938589708616654e-05,-2.3051239096385476e-06,-2.05092912279021e-07
a,1e-06,1,242.44843145461283,25.6,139.78180006918654,0.03679019946676568,-5.650983824727092e-05,-5.303880566655239e-05,-5.64628705512632e-05,-5.28091203816057e-05,-3.4710325807185325e-06,-2.296852849466893e-07
a,1e-06,1,242.44843145461283,26.0,139.78180006918654,0.03679019946676568,-5.966522417458167e-05,-5.498729194479264e-05,-5.961297170648666e-05,-5.472077751009835e-05,-4.677932229789024e-06,-2.6651443469429217e-07
a,1e-06,1,242.44843145461283,26.400000000000002,139.78180006918654,0.03679019946676568,-6.291540741474359e-05,-5.698946559664889e-05,-6.285741722925065e-05,-5.66738905948346e-05,-5.9259418180947035e-06,-3.155750018142872e-07
a,1e-06,1,242.44843145461283,26.8,139.78180006918654,0.03679019946676568,-6.626080769947815e-05,-5.9045637277754745e-05,-6.619660081699785e-05,-5.866878003791214e-05,-7.215170421723393e-06,-3.768572398426081e-07
a,1e-06,1,242.44843145461283,27.200000000000003,139.78180006918654,0.03679019946676568,-6.970182033854402e-05,-6.115610351028636e-05,-6.96308893729583e-05,-6.070575649106519e-05,-8.545716828257661e-06,-4.503470192211574e-07
a,1e-06,1,242.44843145461283,27.6,139.78180006918654,0.03679019946676568,-7.323881516703606e-05,-6.332114603166651e-05,-7.316062440156784e-05,-6.27851201988422e-05,-9.917669135369553e-06,-5.360258328243062e-07
a,1e-06,1,242.44843145461283,28.0,139.78180006918654,0.03679019946676568,-7.68721354920829e-05,-6.554103114075781e-05,-7.678612014042074e-05,-6.490716033736258e-05,-1.13311043513251e-05,-6.338708033952283e-07
a,1e-06,1,242.44843145461283,28.400000000000002,139.78180006918654,0.03679019946676568,-8.060209704041546e-05,-6.781600904194847e-05,-8.050766096091844e-05,-6.707215434908963e-05,-1.2786087998466984e-05,-7.438546928588403e-07
a,1e-06,1,242.44843145461283,28.8,139.78180006918654,0.03679019946676568,-8.442898690743712e-05,-7.014631318771826e-05,-8.432550415071044e-05,-6.928036727420663e-05,-1.4282673719718861e-05,-8.659459135116289e-07
a,1e-06,1,242.44843145461283,29.200000000000003,139.78180006918654,0.03679019946676568,-8.83530625091132e-05,-7.253215962025353e-05,-8.823987408828476e-05,-7.153205107914355e-05,-1.5820902888859677e-05,-1.0001085411099704e-06
a,1e-06,1,242.44843145461283,29.6,139.78180006918654,0.03679019946676568,-9.237455053743581e-05,-7.497374631264309e-05,-9.225096572462732e-05,-7.382744398285956e-05,-1.740080422479272e-05,-1.1463023297835339e-06
a,1e-06,1,242.44843145461283,30.0,139.78180006918654,0.03679019946676568,-9.649364592055933e-05,-7.747125251019085e-05,-9.635893928364864e-05,-7.61667697813663e-05,-1.9022393410368483e-05,-1.3044827288245576e-06
a,1e-06,1,242.44843145461283,30.400000000000002,139.78180006918654,0.03679019946676568,-0.00010071051078902427,-8.002483807271422e-05,-0.00010056392304796241,-7.855023717139323e-05,-2.0685672716310045e-05,-1.474600901320993e-06
a,1e-06,1,242.44843145461283,30.8,139.78180006918654,0.03679019946676568,-0.00010502527344873504,-8.263464281804429e-05,-0.00010486601032738685,-8.097803907340423e-05,-2.2390630630690752e-05,-1.656603744640059e-06
a,1e-06,1,242.44843145461283,31.200000000000003,139.78180006918654,0.03679019946676568,-0.00010943802736172686,-8.53007858677442e-05,-0.00010926525856996827,-8.345035195507268e-05,-2.4137241493982668e-05,-1.850433912671513e-06
a,1e-06,1,242.44843145461283,31.6,139.78180006918654,0.03679019946676568,-0.00011394883013653742,-8.802336499547003e-05,-0.00011376168841322615,-8.59673351554975e-05,-2.592546514106739e-05,-2.0560298399725313e-06
a,1e-06,1,242.44843145461283,32.0,139.78180006918654,0.03679019946676568,-0.00011855770252821946,-9.080245597868808e-05,-0.00011835528406289181,-8.852913021105809e-05,-2.775524654953139e-05,-2.2733257676299883e-06
a,1e-06,1,242.44843145461283,32.4,139.78180006918654,0.03679019946676568,-0.0001232646274497911,-9.363811195447684e-05,-0.00012304599002765232,-9.11358601835631e-05,-2.962651549531423e-05,-2.5022517709137418e-06
a,1e-06,1,242.44843145461283,32.800000000000004,139.78180006918654,0.03679019946676568,-0.00012806954899665607,-9.653036278009238e-05,-0.00012783371103110286,-9.378762899132494e-05,-3.153918621656368e-05,-2.742733788767444e-06
a,1e-06,1,242.44843145461283,33.2,139.78180006918654,0.03679019946676568,-0.00013297237148365623,-9.947921439891124e-05,-0.00013271831308742793,-9.648452074398008e-05,-3.3493157084745e-05,-2.994693654931166e-06
a,1e-06,1,242.44843145461283,33.6,139.78180006918654,0.03679019946676568,-0.00013797295849763062,-0.00010248464821259291,-0.00013769961946125814,-9.9226599081702e-05,-3.548831028503772e-05,-3.2580491308909174e-06
a,1e-06,1,242.44843145461283,34.0,139.78180006918654,0.03679019946676568,-0.00014307113196521137,-0.00010554662046007691,-0.00014277741183672116,-0.0001020139065195926,-3.752451150513446e-05,-3.532713940484307e-06
a,1e-06,1,242.44843145461283,34.4,139.78180006918654,0.03679019946676568,-0.00014826667123798084,-0.00010866506160425732,-0.00014795142855732885,-0.00010484646379803278,-3.960160963372352e-05,-3.8185978062245375e-06
a,1e-06,1,242.44843145461283,34.800000000000004,139.78180006918654,0.03679019946676568,-0.00015355931219543614,-0.00011183987572692415,-0.00015322136463975788,-0.00010772426923963745,-4.171943646851199e-05,-4.115606487286694e-06
b,1e-05,3,53.394915714005144,-11.884661637998887,47.53864655199555,0.11549504437266932,-0.0008213365490271424,-0.0012034547110828218,-0.0008182394627982981,,,
b,1e-05,3,53.394915714005144,-11.513265961811422,47.53864655199555,0.11549504437266932,-0.0007265793963130426,-0.001081336478040638,-0.0007241534163357211,,,
b,1e-05,3,53.394915714005144,-11.141870285623957,47.53864655199555,0.11549504437266932,-0.000638776616227603,-0.0009670800277985344,-0.00063689972612202,,,
b,1e-05,3,53.394915714005144,-10.77047460943649,47.53864655199555,0.11549504437266932,-0.0005579900784270163,-0.0008608240268568284,-0.0005565564757361446,,,
b,1e-05,3,53.394915714005144,-10.399078933249026,47.53864655199555,0.11549504437266932,-0.0004841840724291298,-0.0007625971788148363,-0.00048310350136272773,,,
b,1e-05,3,53.394915714005144,-10.027683257061561,47.53864655199555,0.11549504437266932,-0.0004172380124757138,-0.0006723317226480928,-0.0004164347019754988,,,
b,1e-05,3,53.394915714005144,-9.656287580874096,47.53864655199555,0.11549504437266932,-0.00035695789623531885,-0.0005898754672218901,-0.00035636923718229685,,,
b,1e-05,3,53.394915714005144,-9.28489190468663,47.53864655199555,0.11549504437266932,-0.0003030865253616371,-0.000515002308949504,-0.00030266160182942925,,,
b,1e-05,3,53.394915714005144,-8.913496228499165,47.53864655199555,0.11549504437266932,-0.00025531336852458407,-0.0004474223016669172,-0.000255011436355021,,,
b,1e-05,3,53.394915714005144,-8.5421005523117,47.53864655199555,0.11549504437266932,-0.00021328486753819067,-0.0003867923440312239,-0.00021307385495104858,,,
b,1e-05,3,53.394915714005144,-8.170704876124235,47.53864655199555,0.11549504437266932,-0.00017661515198624236,-0.0003327275550053266,-0.00017647023577331555,,,
b,1e-05,3,53.394915714005144,-7.799309199936769,47.53864655199555,0.11549504437266932,-0.0001448963836130964,-0.00028481242085252065,-0.00014479868255427852,,,
b,1e-05,3,53.394915714005144,-7.427913523749305,47.53864655199555,0.11549504437266932,-0.00011770804375867305,-0.00024261082775280836,-0.00011764345260470432,,,
b,1e-05,3,53.394915714005144,-7.056517847561839,47.53864655199555,0.11549504437266932,-9.462515425990983e-05,-0.0002056749482780791,-9.45833321799594e-05,,,
b,1e-05,3,53.394915714005144,-6.685122171374374,47.53864655199555,0.11549504437266932,-7.522569223702355e-05,-0.00017355334235055723,-7.519920704528171e-05,,,
b,1e-05,3,53.394915714005144,-6.313726495186908,47.53864655199555,0.11549504437266932,-5.909716881882173e-05,-0.0001457982509730126,-5.908078867253308e-05,,,
b,1e-05,3,53.394915714005144,-5.9423308189994435,47.53864655199555,0.11549504437266932,-4.584226354254162e-05,-0.00012197193169142872,-4.583238592434369e-05,,,
b,1e-05,3,53.394915714005144,-5.570935142811979,47.53864655199555,0.11549504437266932,-3.5083527470711195e-05,-0.00010165204549903937,-3.507773045563489e-05,,,
b,1e-05,3,53.394915714005144,-5.199539466624513,47.53864655199555,0.11549504437266932,-2.646718056782607e-05,-8.443611784865299e-05,-2.6463875482427013e-05,,,
b,1e-05,3,53.394915714005144,-4.828143790437048,47.53864655199555,0.11549504437266932,-1.96660377368166e-05,-6.994510444753773e-05,-1.9664210916037206e-05,,,
b,1e-05,3,53.394915714005144,-4.456748114249582,47.53864655199555,0.11549504437266932,-1.4381608552404536e-05,-5.782610445621996e-05,-1.4380631855326342e-05,,,
b,1e-05,3,53.394915714005144,-4.085352438062118,47.53864655199555,0.11549504437266932,-1.0345423195670425e-05,-4.775427243750385e-05,-1.034491910649471e-05,,,
b,1e-05,3,53.394915714005144,-3.7139567618746523,47.53864655199555,0.11549504437266932,-7.319641744453443e-06,-3.943398615597517e-05,-7.319391292920363e-06,,,
b,1e-05,3,53.394915714005144,-3.342561085687187,47.53864655199555,0.11549504437266932,-5.097006439940834e-06,-3.259933084448843e-05,-5.096887037273068e-06,,,
b,1e-05,3,53.394915714005144,-2.9711654094997217,47.53864655199555,0.11549504437266932,-3.500197281407339e-06,-2.7013962216714533e-05,-3.5001429537356854e-06,,,
b,1e-05,3,53.394915714005144,-2.5997697333122565,47.53864655199555,0.11549504437266932,-2.3806508786460996e-06,-2.247041087735784e-05,-2.3806276589072306e-06,,,
b,1e-05,3,53.394915714005144,-2.228374057124791,47.53864655199555,0.11549504437266932,-1.6169015171213614e-06,-1.8788890455288613e-05,-1.6168925328075012e-06,,,
b,1e-05,3,53.394915714005144,-1.8569783809373261,47.53864655199555,0.11549504437266932,-1.1125024640933479e-06,-1.581567134776452e-05,-1.1124997075784293e-06,,,
b,1e-05,3,53.394915714005144,-1.4855827047498609,47.53864655199555,0.11549504437266932,-7.935852450203404e-07,-1.342108198801835e-05,-7.93585286415488e-07,,,
b,1e-05,3,53.394915714005144,-1.1141870285623956,47.53864655199555,0.11549504437266932,-6.061154842684284e-07,-1.1497200567147885e-05,-6.061166927667783e-07,,,
b,1e-05,3,53.394915714005144,-0.7427913523749304,47.53864655199555,0.11549504437266932,-5.129064032243623e-07,-9.955302624377154e-06,-5.129079718030338e-07,,,
b,1e-05,3,53.394915714005144,-0.3713956761874652,47.53864655199555,0.11549504437266932,-4.904555874520661e-07,-8.723134256935079e-06,-4.904571764413612e-07,,,
b,1e-05,3,53.394915714005144,0.0,47.53864655199555,0.11549504437266932,-5.256774556574946e-07,-7.742087181319358e-06,-5.256788260799006e-07,,,
b,1e-05,3,53.394915714005144,0.3713956761874652,47.53864655199555,0.11549504437266932,-6.126131502804922e-07,-6.964360675440969e-06,-6.126141054024759e-07,,,
b,1e-05,3,53.394915714005144,0.7427913523749304,47.53864655199555,0.11549504437266932,-7.492113505944729e-07,-6.35020658603356e-06,-7.492113565515934e-07,,,
b,1e-05,3,53.394915714005144,1.1141870285623956,47.53864655199555,0.11549504437266932,-9.342876619830349e-07,-5.865366990690698e-06,-9.34286022588604e-07,,,
b,1e-05,3,53.394915714005144,1.4855827047498609,47.53864655199555,0.11549504437266932,-1.1647864763348642e-06,-5.478829492521846e-06,-1.164782399920572e-06,,,
b,1e-05,3,53.394915714005144,1.8569783809373261,47.53864655199555,0.11549504437266932,-1.4334870778570044e-06,-5.161042065580264e-06,-1.43347929264237e-06,,,
b,1e-05,3,53.394915714005144,2.228374057124791,47.53864655199555,0.11549504437266932,-1.7273146673489294e-06,-4.882747262251445e-06,-1.7273020608971068e-06,,,
b,1e-05,3,53.394915714005144,2.5997697333122565,47.53864655199555,0.11549504437266932,-2.0264361130931463e-06,-4.614613677280221e-06,-2.02641766280931e-06,,,
b,1e-05,3,53.394915714005144,2.9711654094997217,47.53864655199555,0.11549504437266932,-2.3043386691918874e-06,-4.327859919774712e-06,-2.304313810735925e-06,,,
b,1e-05,3,53.394915714005144,3.342561085687187,47.53864655199555,0.11549504437266932,-2.5291065530181307e-06,-3.9960819166515655e-06,-2.5290755561041545e-06,,,
b,1e-05,3,53.394915714005144,3.7139567618746523,47.53864655199555,0.11549504437266932,-2.666123945257163e-06,-3.5985069830586807e-06,-2.6660885385221267e-06,,,
b,1e-05,3,53.394915714005144,4.085352438062118,47.53864655199555,0.11549504437266932,-2.6824423853622504e-06,-3.1249064855799965e-06,-2.6824052170582036e-06,,,
b,1e-05,3,53.394915714005144,4.456748114249582,47.53864655199555,0.11549504437266932,-2.553054353294162e-06,-2.582401784288889e-06,-2.553019166823267e-06,,,
b,1e-05,3,53.394915714005144,4.828143790437048,47.53864655199555,0.11549504437266932,-2.269311727396105e-06,-2.00439416235116e-06,-2.2692821987774225e-06,,,
b,1e-05,3,53.394915714005144,5.199539466624513,47.53864655199555,0.11549504437266932,-1.8497165139856053e-06,-1.4618373818615931e-06,-1.8496951771224124e-06,,,
b,1e-05,3,53.394915714005144,5.570935142811979,47.53864655199555,0.11549504437266932,-1.3532905937625997e-06,-1.0770501961171277e-06,-1.353277874122094e-06,,,
b,1e-05,3,53.394915714005144,5.9423308189994435,47.53864655199555,0.11549504437266932,-8.957002291666941e-07,-1.0402346235453661e-06,-8.956948427951694e-07,,,
b,1e-05,3,53.394915714005144,6.313726495186908,47.53864655199555,0.11549504437266932,-6.68268959322944e-07,-1.6288232953855943e-06,-6.68267980855064e-07,,,
b,1e-05,3,53.394915714005144,6.685122171374374,47.53864655199555,0.11549504437266932,-9.59958814956816e-07,-3.2297252811126523e-06,-9.599556399508824e-07,,,
b,1e-05,3,53.394915714005144,7.056517847561839,47.53864655199555,0.11549504437266932,-2.1823344044139748e-06,-6.364474355094336e-06,-2.182304658746026e-06,,,
b,1e-05,3,53.394915714005144,7.427913523749305,47.53864655199555,0.11549504437266932,-4.897447542582467e-06,-1.1717206934603747e-05,-4.897298099604264e-06,,,
b,1e-05,3,53.394915714005144,7.799309199936769,47.53864655199555,0.11549504437266932,-9.848492204501918e-06,-2.0165308840706716e-05,-9.847929573827963e-06,,,
b,1e-05,3,53.394915714005144,8.170704876124235,47.53864655199555,0.11549504437266932,-1.7992983925188883e-05,-3.281247729254466e-05,-1.799121483372912e-05,,,
b,1e-05,3,53.394915714005144,8.5421005523117,47.53864655199555,0.11549504437266932,-3.053812188546112e-05,-5.102384981404709e-05,-3.053323852036938e-05,,,
b,1e-05,3,53.394915714005144,8.913496228499165,47.53864655199555,0.11549504437266932,-4.8977855186433464e-05,-7.646270226599284e-05,-4.8965664982261736e-05,,,
b,1e-05,3,53.394915714005144,9.28489190468663,47.53864655199555,0.11549504437266932,-7.513103270824644e-05,-0.00011112808307242731,-7.510295953294666e-05,,,
b,1e-05,3,53.394915714005144,9.656287580874096,47.53864655199555,0.11549504437266932,-0.00011117998157960643,-0.0001573927442589046,-0.00011111947486637519,,,
b,1e-05,3,53.394915714005144,10.027683257061561,47.53864655199555,0.11549504437266932,-0.00015970883027840887,-0.00021804069971408351,-0.00015958546973242338,,,
b,1e-05,3,53.394915714005144,10.399078933249026,47.53864655199555,0.11549504437266932,-0.0002237407076694822,-0.00029630352495133,-0.00022350086315466033,,,
b,1e-05,3,53.394915714005144,10.77047460943649,47.53864655199555,0.11549504437266932,-0.0003067726785535899,-0.00039589422338719713,-0.0003063251660415378,,,
b,1e-05,3,53.394915714005144,11.141870285623957,47.53864655199555,0.11549504437266932,-0.00041280712250034755,-0.0005210373461542069,-0.0004120017934410164,,,
b,1e-05,3,53.394915714005144,11.513265961811422,47.53864655199555,0.11549504437266932,-0.000546378325164088,-0.0006764941492472613,-0.0005449749216263067,,,
b,1e-05,3,53.394915714005144,11.884661637998887,47.53864655199555,0.11549504437266932,-0.0007125732490086562,-0.0008675817947718276,-0.0007101971702342946,,,
